time,comment,man_city_sentiment,tottenham_english_sentiment
2023-01-19 16:54:12,"Richarlison really left Everton for Everton.",1,0
2023-01-19 16:54:15,"Mahrez putting the team on his back once again.",1,0
2023-01-19 17:26:37,"Pep is absolutely ripping into their team right now holy shit.",-1,0
2023-01-19 16:54:56,"Just wanted to come back and say\n\n\nWith 10 games against teams above 12th place, spurs have won 2 of them. This means 80% of their wins have come against the bottom 8\n\n\nthey have won 4 and lost 5 away games\n\n\nConte with spurs against the big 6 has 2 wins out of 14, a winning % of less than 15%",0,-1
2023-01-19 16:56:57,"Someone needs to tell Julian to stop running, man has 6 lungs, it's insane.\n\nAlso a lot of the criticism will go towards Lloris since he's become a scapegoat, like yeah he's not that good anymore I agree, but Perisic was absolutely horrendous today, what was he doing.",0,-1
2023-01-19 16:54:27,"Son attacking this season is like a 16 year old guy trying to unhook a bra for the first time",-1,0
2023-01-19 18:26:13,"Maybe Kane really is gonna go to Bayern lol",0,0
2023-01-19 16:56:28,"Rico Lewis might just be playing his way into the CL knockouts. What a guy",1,0
2023-01-19 17:31:02,"Advice for Arsenal fans, don't watch City games as a Liverpool fan it will only break you.",-1,0
2023-01-19 16:55:59,"Back to back games where Spurs‚Äô 2 man midfield got overran by a midfield 3 + inverted full back\n\nSurprised we didn‚Äôt see any system changes after NLD this past weekend",0,-1
2023-01-19 16:55:36,"Got a taste of what‚Äôd it feel like to be a Tottenham supporter today. My condolences",-1,0
2023-01-19 17:53:14,"Listening to Conte after listening to Pep is so difficult. I'm nodding off",-1,0
2023-01-19 17:01:34,"i opened reddit front page, it showed me trending ''Manchester City 0 - [2] Tottenham - Emerson 45+1'', feeling excited i log in and jump straight to the subreddit only to see it's 3-2...\n\nit's the hope that kills you.",-1,1
2023-01-19 16:56:44,"\u201cLads, it\u2019s Tottenham\u2026\u201d\n\n-Pep at halftime",1,0
2023-01-19 16:54:08,"[Hey, Arsenal fans:](https://media.tenor.com/4REptwUSQokAAAAC/now-you-know-of-it-feels-ha.gif)",0,0
2023-01-19 19:53:11,"If someone told me at half time that City would win by a comfortable margin id say: yes, probably",1,0
2023-01-19 16:53:54,"Mahrez is gonna get the headlines and rightfully so he was amazing, but man Grealish has been Fantastic since the WC even if he isn‚Äôt scoring or assisting really hard working player he was everywhere.",1,0
2023-01-19 16:54:57,"One day, Spurs will learn how to play two halves of football",0,0
2023-01-19 16:54:16,"https://imgur.com/a/XEojCgl",0,0
2023-01-19 18:31:09,"Mahrez has said in the past he hates winter in England. What we didn‚Äôt know is that his response to the weather changing was to choose violence. Unreal 2nd half performance.",1,0
2023-01-19 17:01:54,"Rico Lewis is the future",1,0
2023-01-19 16:55:09,"Yeah, Alvarez and haaland have to play together more frequently",1,0
2023-01-19 17:02:14,"is nobody going to talk about how Alvarez took his shorts off and jumped back on the field in tighty whiteys?",0,0
2023-01-19 17:04:54,"Tottenham lost on purpose they don‚Äôt want arsenal to win the league üíÄ",0,-1
2023-01-19 17:11:58,"Grealish gives the best interviews. Guy saying how is highlight was back in the first half for that incredible tackle. Grealish not sure that's a good thing for a winger when your highlight is a tackle, trying to think now, did I take some one on at all or something?",1,0
2023-01-19 17:50:43,"Wow spurs got a real mugging in here by all fan bases üòÇ",0,-1
2023-01-19 21:12:42,"Lenglet was so shit right from his first involvement to his last",-1,0
2023-01-19 16:56:37,"Got city at 6/1 at half time, get in",1,0
2023-01-19 16:58:54,"We can‚Äôt even do our annual ‚Äúsurprise upset victory vs Man City‚Äù anymore. This club is finished.",-1,0
2023-01-19 16:56:58,"Took a few months, but the Grealish - Mahrez wing duo seems to finally work.

Also yeah, Haaland and Alvarez need to start together more.",1,0
2023-01-19 17:08:28,"https://streamable.com/9i2urt",0,0
2023-01-20 03:31:11,"Spurs really need a new GK Lloris is soooo shit",-1,0
2023-01-19 20:08:45,">  I thought I knew what the group might need, that we didn't need a big team talk. It was Tottenham at home. I thought please don't go on about Tottenham, we all know what Tottenham is about, they are nice and tidy but we'll f-----g do them. He came in and said: 'Lads, it's Tottenham', and that was it. Brilliant.",1,0
2023-01-19 17:00:24,"Arsenal fans learning what Liverpool fans know about being in a title race with Man City: just don't bother watching their games, it's much easier",0,0
2023-01-19 22:28:01,"Lads it's Spurs moment. Sad.",-1,0
2023-01-19 16:56:07,"Richarlison was 60 mill‚Ä¶ For what 

And don‚Äôt even get me started on this fool Lloris",-1,-1
2023-01-19 16:56:44,"Take a bow mahrez",1,0
2023-01-19 17:18:48,"Kane wondering what could've been if he'd left for City a couple of years ago.",0,0
2023-01-19 17:23:57,"Spurs were used to losing at half time and had no idea what to do in the second half",-1,-1
2023-01-19 17:59:07,"Still don‚Äôt really understand why City sold Zinchenko to Arsenal. He would still have played a big role in this team",0,0
2023-01-19 17:28:08,"Its easy to forget after their run of poor results recently but city really stamped their title credentials tonight, regardless of the spurs bottling. The United game on the weekend is absolutely crucial, city have their fate in their own hands if we lose and I have a feeling that now is when they start the 20 game win streak they do every year",1,-1
2023-01-19 19:45:41,"Nah nah nah nah nah...

Ain't no fuckin way.

They did that shit on purpose cause ain't no fuckin way.",-1,-1
2023-01-19 18:38:44,"The Conte simps have now started to ask what is Conte to do when he has a player like Perisic as his LWB‚Ä¶. when Conte specifically asked for him. Brings a tear to my eye",0,0
2023-01-20 04:21:42,"There are very few certainties in life but one of them is that Spurs will bottle it",-1,-1
2023-01-19 16:56:33,"Tonight I, for the first time, experienced what it is to want Tottenham, to win a game of football.

All I can say is that I have no idea how any Tottenham fan can honestly say they enjoy watching this shower of shite every single week.

Conte has blood on his hands too. ¬£160m-odd spent this summer and their fans have the audacity to say he hasn‚Äôt been backed.",-1,-1
2023-01-19 17:00:51,"Spurs are on track to concede almost 60 goals this season, while playing a very negative brand of football in a negative set up. 

Can't blame Levy for that.",-1,-1
2023-01-19 17:03:11,"What a great second half performance from Riyad Mahrez, I love how direct he is and he is so good on the ball. He's easily one of the best wide players in Europe but imo

 he needs to be more consistent. Grealish and Alvarez were also great in the second half.

Tottenham's defence capitulated in the second half and honestly I can't see Tottenham getting top 4 with that awful defence. Kulusevski and Kane were really the only attackers that looked like they could something for Spurs, Son hasn't been himself this season and I worry he's now in a decline.",1,-1
2023-01-19 17:13:01,"Spurs backline is legit awful. Need to refresh that and rebuild the midfield. This team is clown shoes",-1,-1
2023-01-19 17:36:46,"The entire Spurs leadership team should be in Guantanamo.",0,-1
2023-01-19 16:55:48,"great comeback, wasn't expecting it and thought we were going get done by Spurs again. Definitely needed this for momentum

Rico is still massive. Incredible and he's a proper joy to watch

Gloved Mahrez is an enigma, won us the game today. Quality",1,0
2023-01-19 19:28:56,"Proper Tottenham that.",0,-1
2023-01-19 19:30:06,"Tottenham what the fuck",0,-1
2023-01-19 18:06:56,"TIL that "lads its Tottenham " was based on true stories",0,-1
2023-01-19 17:06:28,"Perisic was terrible. Spurs fans will focus on Son and Lloris but perisic was clearly your worst player. He can‚Äôt defend at all and he is redundant playing right next to Son in the attack. Having only one of them would be better.",-1,-1
2023-01-19 17:31:39,"Just heading home, missed the game

Looks like spurs realised at the half that they'd be unwittingly helping arsenal out with a win",0,-1
2023-01-19 17:10:13,"Spurs are a comedy club",-1,-1
2023-01-19 16:58:17,"Alavrez giving his shorts to a fan... kid just walking off in his tightie whities.",0,0
2023-01-19 17:08:44,"kane really should have pushed harder for that city move a couple seasons back. man gave his entire career to this lot and what's his reward?",-1,0
2023-01-19 17:18:19,"It's baffling to see Conte's Spurs lose in the same manner over and over again.   This ain't 2017.  His defensive 3-4-3 has long become outdated.",-1,-1
2023-01-19 18:28:54,"Spurs helping out for a close title race",0,0
2023-01-19 17:09:05,"I'm gonna touch myself tonight wearing black wrist length gloves.",0,0
2023-01-19 16:56:22,"Great performance. We gave Arsenal hope for 45 minutes, and then boosted City morale for the rest of the season.",1,-1
2023-01-19 16:54:13,"Kane needs out this summer. Records are one thing but he's winning fuck all with this Spurs team.",-1,-1
2023-01-19 17:37:20,"At half time I wanted to be like Infantino and say; Today I feel Spurs.... Thank fuck I didn't.",0,-1
2023-01-19 18:58:24,"[deleted]",0,0
2023-01-19 16:56:56,"Man City got that dawg in them? No. 
Tottenham have that chicken in them.",0,-1
2023-01-19 17:01:34,"LMAO, I only checked the score at half time, I thought "wow are spurs really about take points off city?" ... and then they go to concede FOUR!",0,-1
2023-01-19 16:57:23,"Wouldn't let spurs or villareal walk my dog. They can't hold a lead",-1,-1
2023-01-19 17:06:38,"Did that shit really just happen?

Did they really just lay down like that?

I......wow.",-1,-1
2023-01-19 17:33:02,"Kulusevski just said they were good in the first 10 of the 2nd half lmao. You conceded two goals mate.",-1,0
2023-01-19 18:58:20,"I‚Äôm not saying Man City won because of me, but it‚Äôs awfully coincidental I put on my jersey for the first time in 2 games at half time and City immediately scored 3 goals.",0,1
2023-01-19 18:20:21,"Conte is done. He‚Äôs been backed, he‚Äôs failed.",-1,-1
2023-01-19 17:01:33,"There's a reason why 'Spursy' is an adjective, and this performance exemplifies exactly that",-1,-1
2023-01-19 17:17:54,"Spurs had us in that first half",0,-1
2023-01-19 18:57:25,"Man I feel violated watching Mahrez doing spurs dirty. He went in them with no lube sheeesh",1,-1
2023-01-19 19:34:13,"Lads...",0,0
2023-01-19 19:34:18,"Lads",0,0
2023-01-19 16:58:22,"[deleted]",0,0
2023-01-19 17:01:57,"Ok anyone mind explaining why Julian gave his shorts away",0,0
2023-01-19 17:04:49,"City at the end of the first half were like: call an ambulance, and at the end of the game: but not for me.",1,-1
2023-01-19 16:55:57,"Not content with dissapointing just their fans, Spurs have succesfully dissappointed ALL of North London today.",-1,-1
2023-01-19 16:57:17,"Hahahaha what?

What did Pep say to them at half time?

What a twist",0,0
2023-01-19 17:26:23,"Conte getting his pre match and half time team talks confused",0,0
2023-01-19 17:26:23,"Conte getting his pre match and half time team talks confused",-1,0
2023-01-19 16:59:59,"Even by usual standards, that 2nd half capitulation was a disgrace. It's over. Time to hit the reset button honestly. Conte is clearly not long for here.",-1,-1
2023-01-19 16:54:17,"As someone famously once said:\n\n_\"IT'S THE HISTORY OF TOTTENHAM.\"_\n\nTottenham are such a WEAK side mentally.",0,-1
2023-01-19 16:55:44,"Odds on Guardiola going in at halftime saying : Lads it's tottenham and walking out?",1,-1
2023-01-19 16:59:48,"2-0 is the most dangerous lead?",0,0
2023-01-19 17:03:05,"Kane needs to be rescued",-1,-1
2023-01-19 17:11:27,"Newcastle might actually finish 4th this season. Incredible how a lot of the \"top\" clubs in the league have self exploded.",1,-1
2023-01-19 22:46:04,"Blame Conte all you want, but even Mourinho couldn't succeed because of the same shit defense. Tottenham have one good defender, all others are midtable level at best",-1,-1
2023-01-19 17:35:09,"There's a lot of bullshit said by random commentators on the live commentary of games in The Guardian, but I found this comment interesting, if exaggerated. \n\n\u201cThe virtue of patience in football is overrated. Confirmation bias kicks in because the better teams usually enjoy more possession and, when they eventually do convert it into goals (as they should), their patience is lauded. But nobody counts the goals impatience would have brought. City haOBOBve looked more impatient in this half than at any time in weeks and far better for it in terms of outcomes and entertainment.\u201d\n\nCity in fact often give up making uncertain passes, risky and vertical plays that could result in a great chance to score, in the name of controlling the game, and avoiding giving the ball away to a counterattack. In a way, this reflects the evolution of football: quality above quantity, as embodied by the now popular xG stat. Watch a game from the 60s, 80s, 90s or 2000s, and you will see how football was much less refined because teams did far more truly ludicrous shots from outside the box and with very little chance of scoring, and far more vertical, long and direct passes with little chance of a player in your team managing to reach the ball or winnning the duel with the opponent. This evolution in football is good, but finding the balance between these approaches is very complicated in such a chaotic and unpredictable sport. I would say finding that balance is Guardiola's never-ending mission in his study of football. Same thing goes for Klopp. Any manager.\n\nLook at the play at 1:02 to 1:19 of the video below, from Milan vs. Napoli in the 1990/1991 Serie A season. I think it embodies what I say about old football. It is a great play that results in a great goal chance, but the ball went astray far more often than not though, making the game be less polished. You also notice this a lot if you watch 2000s Premier League games for example, and the average viewer did not care about stats like possession and percentage of accurate passes.\n\nhttps://youtu.be/TnQ3i21_4lk",1,0
2023-01-19 16:55:14,"TIL: 2nd half Spurs can also work in reverse \n\nIt was funny watching some Arsenal fans go from hoping their rival would win to feeling sorry for them in just 45 minutes\n\n\nEdit: nvm, nobody is feeling sorry for Spurs.",0,-1
2023-01-19 16:56:06,"Very Aladeen night for Arsenal fans.",0,0
2023-01-19 17:27:01,"Peak City \ud83d\udd77\ufe0f\ud83e\udd16",1,0
2023-01-19 16:56:18,"So when do Spurs start playing now? The third half?",0,-1
2023-01-19 17:05:25,"Mahrez was obviously motm, but Grealish was great this game, and that Lewis kid was very impressive. \n\nAlso, fuck spurs.",1,-1
2023-01-19 16:56:59,"If City hadn't lost their god damn minOBOBd for ~10 minutes it's a 4-0 ass whooping",1,-1
2023-01-19 18:40:15,"Tottenham need to disband, move from London and open up shop somewhere else where people don\u2019t know them. It will good for them, now they can choke away from the limelight. \n\nHow do you let City fuck your ass like that man, damn!",-1,-1
2023-01-19 16:54:38,"You raised my hopes and dashed them expertly sir",0,0
2023-01-19 17:31:09,"Great comeback by City, but I would be worried about their defense, it doesn't look good at the moment.",1,0
2023-01-19 17:26:06,"Spurs fans wondering why Sonny is unsuccessful right now: It's the tactics. Think of the reasons why Sonny is successful: space to cross the ball or finish. Kane enabling Sonny with their partnership. A fullback who passes Sonny the ball instead of consistently crossing it into the box.\r  \n\r  \nEverything changed this season: Kane moved further into the box and the midfield has no creativity. Perisic was brought in to spam crosses into the box. No one's position on the team changed as much as Sonny's did during the offseason. You don't go from EPL golden boot winner to getting the least touches on the team.\r  \n\r  \nA good manager assesses the strengths of the team and makes the team work around him. Sonny's season hasn't been good but Spurs fans are deluding themselves if they think Sonny is the reason the season is panning out the way that it is. If anything, it's proved how much Spurs relied on Sonny previously and the manager needs to adjust to make it work.",-1,0
2023-01-19 16:56:03,"That was the most Tottenham game ever",-1,-1
2023-01-19 16:55:00,"Spurs are depressing to watch",-1,0
2023-01-19 16:55:26,"Spurs and Villareal ü§ù",0,0
2023-01-19 16:56:09,"I am so fucking sick of the whole back half of this team, pathetic\n\n\nLloris is absolutely washed, lets everything in.\n\nit's pathetic that we are still starting dier and Davies in this day and age. lenglet can pass and nothing else.\n\nPerisic is an absolutely shocking defender, sessegnon plays like a scared child\n\n\nless said about our rwb situation the better\n\n\ndoesn't help that son is currently a shell of himself too.\n\n\nour midfield is constantly overrun, can conte please fucking play 3 in midfield for once. Conte is unbelievably stubborn, fucking adapt",-1,-1
2023-01-19 16:57:08,"Friendship ended with tottenham",-1,0
2023-01-19 16:57:34,"River supporters with the shorts kink lol",0,0
2023-01-19 16:57:51,"Business as usual for Tottenham today....",-1,0
2023-01-19 16:58:54,"turns out that Conte was the real bald fraud all along",-1,0
2023-01-19 17:00:28,"Thanks for the win Citeh now onto Monday where hopefully we can nick some points off Tottenham.",1,-1
2023-01-19 17:02:05,"Lads, it‚Äôs Tottenham",0,-1
2023-01-19 16:54:12,"Kudos to that ~~fan~~ cow who went to the game. Was chanting all game long. \n\nMOOOOOOOO MOOOOOOO",0,0
2023-01-19 17:01:32,"Job Done ‚úÖ",0,0
2023-01-19 17:02:19,"Tottenham is useless",-1,0
2023-01-19 17:04:54,"Spurs have been so busy focusing on Arsenal they have decided to become Arsenal.. sadly they copied the banter years",-1,-1
2023-01-19 16:53:52,"Haha haaland singing love will tear us apart again",0,0
2023-01-19 16:55:36,"[Lads](https://streamable.com/5sbzv)",0,0
2023-01-19 16:56:19,"Spurs tried something new and decided to play like crap in the 2nd half instead",-1,0
2023-01-19 17:01:51,"Tottenham Hotspur, you'll always be sh*t",-1,0
2023-01-19 16:54:33,"That's un4-2nate for spurs",-1,0
2023-01-19 16:54:39,"RIP second half fc",-1,0
2023-01-19 16:54:51,"that's kane gone, right?",0,0
2023-01-19 16:55:20,"HAHAHAHA spurs doing spursy things",-1,0
2023-01-19 16:56:02,"Mahrez doesn't like Chelsea and Spurs",0,0
2023-01-19 16:56:17,"[deleted]",0,0
2023-01-19 16:56:42,"Fucking hell lol. First time feeling annoyed at spurs bottling it.",0,-1
2023-01-19 16:57:10,"Honestly it's incredible how despite being absolutely bang average there doesn't go a single Spurs / City match without 2 absolutely gifted goals.",1,-1
2023-01-19 16:57:18,"LMAO that River Plate fan getting Juli√°ns shorts",0,0
2023-01-19 16:57:48,"Son looks finished sadly",-1,0
2023-01-19 16:57:57,"Incredible win and moral boost for a team that has been sluggish over the past month. \n\nCan‚Äôt believe I‚Äôll be cheering hard for United this weekend, but here we go.",1,0
2023-01-19 16:59:04,"Mahrez is the man",1,0
2023-01-19 17:00:38,"You can‚Äôt tell me those spurs players didn‚Äôt capitulate on purpose",0,-1
2023-01-19 17:03:57,"Thought it was another typical Spurs game for us. I was honestly expecting worse for the second half, because Spurs. What a fucking comeback! I need a drink now.",1,-1
2023-01-19 16:54:29,"So all City had to do to break the Tottenham curse was to do a better Tottenham ?",1,0
2023-01-19 16:55:12,"Lmao that was a treat. Spurs fans calling for oil money in their sub lmao",-1,0
2023-01-19 16:55:43,"What is the fucking point of spurs",-1,0
2023-01-19 16:56:07,"Best thing to come from this game is that Mahrez is back. Also idk what happens in the dressing room but it's the third league game in a row in which a completely different team shows up in the second half",1,0
2023-01-19 16:56:11,"Conte needs to drop Son and play Richarlison on the left. He is crippling the team by not dropping Son and by playing Richarlison on his weaker side.",0,-1
2023-01-19 16:54:11,"Conte is done. He was already mentally and emotionally vacant with what's happened the last week+... And now this. Wouldn't doubt it if walks.",-1,0
2023-01-19 17:00:35,"You know Spurs are in rotten form when they can't even beat MAN CITY of all teams...",0,-1
2023-01-19 17:17:24,"I feel bad for Romero playing in that defense",-1,0
2023-01-19 16:58:19,"/r/coys and chill?",0,0
2023-01-19 16:58:42,"'How are you going to give it away today?'\n\nTottenham: **'YES!'**\n\nFirst half was an excellent score for Tottenham, but... then they cursed themselves or something, because those goals largely were not necessary with proper passing&defending.",0,-1
2023-01-19 16:59:12,"Conte bitches about bringing in players and he brings in Perisic",-1,0
2023-01-19 17:00:11,"Son with another stinker. Dropped on Monday?",0,-1
2023-01-19 17:00:53,"I didn‚Äôt expect spurs to win but going 2 up right before half time tricked me into thinking they‚Äôd at least get a draw. Disappointing but they can still get a result at home. \n\nI do think looking at the fixtures City are still Favourites, arsenal and city‚Äôs toughest remaining games are both each other but where you look at where city have lost games in the league it‚Äôs United away where arsenal lost, Liverpool away which arsenal could easily lose depending on form going into it and injuries, Arsenal never beat Liverpool away under Klopp, and Brentford at home which I don‚Äôt expect arsenal to lose. \n\nFor city they have spurs away, Brentford away which is the final day so might not matter Newcastle at home and Brighton away as their only games I think they can drop points outside each other. Arsenal could also easily lose or draw to villa like city did Emery will be up for it, however I‚Äôd expect arsenal to beat Everton at home. \n\nI know City haven‚Äôt been at their best but looking at the games left I think they‚Äôll win it there‚Äôs so long to go and arsenal have too many tough games. Just really need to hope we beat them and united home and spurs beat them to give us a good gap.",0,0
2023-01-19 16:56:37,"Pep and Mahrez need a visit from the authorities. I don't think what they to perisic was legal in any first world country. \n\nThe second half was 45 minutes of targeted abuse and harassment. Thank God it's all documented so the evidence is clear.",-1,0
2023-01-19 16:57:03,"I don't think I've ever seen Conte as static on the touchline, from the TV footage. Just seemed resigned. Looks over. \n\nSon is an absolute shadow of himself, its sad and reminds me of Rashford last year. \n\nSpurs  bottled an absolutely huge chance and once the first one went in, it just seemed like they had mentally accepted they would lose. \n\nPretty embarrassing for City fans to boo at half time.",-1,-1
2023-01-20 02:44:41,"Bottled it",-1,0
2023-01-19 16:54:48,"Spurs gonna spur I guess.",-1,0
2023-01-19 16:55:35,"I always believed.",0,0
2023-01-19 16:55:54,"Mahrez MVP\n\nTottenham worthless defense + Son",1,-1
2023-01-19 16:55:57,"If I didn't know the score I'd have thought City were the ones behind and Spurs were defending a lead in the last 10 minutes",1,-1
2023-01-19 16:56:08,"Mahrez took Emerson scoring a little too seriously lmfao",1,0
2023-01-19 16:56:22,"Why break one curse when you can break two?",0,0
2023-01-19 16:56:22,"Ederson after the first and last goal of the match: Why play short ball when long ball do trick?",0,0
2023-01-19 16:56:24,"Gloved Mahrez is unstoppable",1,0
2023-01-19 16:56:34,"I think City figured it out, now they can win the Prem AND the Champions League!",1,0
2023-01-19 16:56:34,"so where is Kane heading to next year?",0,0
2023-01-19 16:57:15,"Hopefully this stops the City play boring football shouts for at least another week üòÇ great comeback buzzing",1,0
2023-01-19 16:58:13,"They can't help it, can they?",0,0
2023-01-19 16:58:32,"After all this, and Arsenal cruise to an easy win against a Casemiro-less United on Sunday",1,0
2023-01-19 16:55:35,"Hey spurs, just wanted you guys to know that you're all fucking useless and I hate all of you.",-1,0
