time,comment,manchester,chelsea
time,comment,manchester_sentiment,chelsea_sentiment
2023-05-21 11:02:42,"[deleted]",0,0
2023-05-21 11:25:16,"I respect Juli√°n √Ålvarez' hair. Like a good guy in a '90s teen movie. Like Pierce Brosnan in his later Bond movies. Smart, fresh, classic. Paired with a clean shave, of course. Refreshing to see in this era of skin-fades and tousled-tops. Respect.",1,0
2023-05-21 11:01:39,"Pep could deploy 11 penguins in City jerseys and I'd still pick them over Chelsea.",1,0
2023-05-21 11:39:41,"This game has a very chill vibe to it. Even the commentators are chilling.",0,0
2023-05-21 10:57:36,"Chelsea giving City‚Äôs B team a guard of honor is peak.",1,-1
2023-05-21 11:30:24,"The stadium is shaking I thought the ethiad was suppose to have no atmosphere",0,0
2023-05-21 11:35:14,"that's the kind of Sterling decision making i remember and don't miss",-1,0
2023-05-21 11:16:52,"Lampard is obviously still hilarious, but you‚Äôve got no chance if your ¬£60m CB passes direct to the opposition and your infinitely experienced Thiago Silva just forgets to check where Alvarez is heading.",0,-1
2023-05-21 11:19:00,"Pep sent out a ‚ÄòI don‚Äôt give a fuck about the result‚Äô team and Chelsea are still fucking losing to them",1,-1
2023-05-21 11:36:57,"Sterling misses a goalü§¶‚Äç‚ôÇÔ∏è It's not for Man City üòÇ",-1,1
2023-05-21 11:40:14,"Imagine not being able to press Man City‚Ä¶‚Ä¶ :(",0,-1
2023-05-21 10:56:03,"I wish we could ban gambling ads on live TV for sports channels. I hate them with a passion. More so the gamble responsibly like someone with a bad addiction is gonna go oh that's a good idea",0,0
2023-05-21 11:36:28,"We dont deserve Enzo.",1,0
2023-05-21 11:33:57,"Edersons dye job looks awful lmao",-1,0
2023-05-21 11:18:32,"Belgian commentator just said: If city put their 9-men bench in against this Chelsea, he doesn't know if they would lose 9 against 11. If Guardiola was also allowed to play, they would win for sure." What has happened to Chelsea ..",1,-1
2023-05-21 11:34:13,"Just having fun watching Lewis, Foden, Palmer play. Top players/talents.",1,0
2023-05-21 12:37:41,"Rodrigo and KDB? this is bullying at this point",1,0
2023-05-21 11:52:49,"Nottingham robbed us of a massacre if we had to win today",0,0
2023-05-21 11:17:59,"i love this rico kid",1,0
2023-05-21 11:37:26,"Ortega's been great anytime he's started",1,0
2023-05-21 11:23:16,"[deleted]",0,0
2023-05-21 11:25:06,"Chelsea getting cooked by the tribute band",1,-1
2023-05-21 12:34:13,"Alvarez has had a 8/10 season, just a wonderful first year for him.",1,0
2023-05-21 13:00512,"A knock off Jack Grealish on the pitch?",0,0
2023-05-21 11:34:09,"If there was ever a game for Pep to put Ederson in midfield in the 88th minute, this will surely be the one",1,0
2023-05-21 11:34:31,"Lol Ederson obviously took about 30 seconds to spray paint his hair",-1,0
2023-05-21 11:38:34,"City B getting complacent",-1,0
2023-05-21 12:20:52,"PEP NO PLEASE I BEG",0,0
2023-05-21 12:39:15,"This game depresses me. They put on their B team and are capable",-1,0
2023-05-21 12:59:12,"Haaland twice the size of the bodyguards escorting him through the tunnel üíÄ",1,0
2023-05-21 13:01:59,"Fair play to the ethiad stewards and security crew. Reacted immediately and got the players down the tunnel sharply. Very professional. \n\nüëè",1,0
2023-05-21 11:17:22,"how can chelsea compete with city's spending",-1,0
2023-05-21 11:32:28,"Chelsea players telling each other what to do, while standing still themselves, beautiful",0,1
2023-05-21 11:48:09,"Sterling had three runners in front of him but, instead of passing, he decided to just stop and stand there.",-1,0
2023-05-21 11:49:26,"[deleted]",0,0
2023-05-21 13:00:24,"Haaland was doing a side gig to earn money to fund his Minecraft realm.\n\nThat's the only way I can think of why he had body guards. He was actually their body guard.",1,0
2023-05-21 11:28:30,"My wife who doesn't care much about football just asked ""does this mean City substitutes are better than Chelsea starters ?"". Uhhh.. yeah",-1,1
2023-05-21 11:37:54,"No hair dye for City legend Frank Lampard?",0,1
2023-05-21 11:38:49,"I remember Sterling making fun of Chunkz hairline. Lol Karma gets your real fast.",0,0
2023-05-21 11:55:45,">Kai Havertz committed more fouls (2) than he managed touches in the opposition box (1) in the first half at the Etihad Stadium\n\nMy player",-1,1
2023-05-21 12:16:15,"'Chelsea have struggled to score in away games' they are struggling to score in general, bro.",0,-1
2023-05-21 12:21:40,"Someone call the police on Pep. This is abuse. You can't be bringing on Haaland.",-1,0
2023-05-21 12:37:16,"De bruyne and Rodrigo, pep they‚Äôre already dead stop",0,0
2023-05-21 12:38:43,"Premier League about to add another few charges for these substitutions",0,0
2023-05-21 12:56:34,"Haaland being escorted by bodyguards half his size is funny",1,0
2023-05-21 11:19:41,"Guardiola didn't play Haaland today because he'd be on trial in the Hague for war crimes if he did.",0,-1
2023-05-21 10:53:32,"Lmao guard of honor for those city youngsters",1,0
2023-05-21 10:59:25,"Wonder how Raheem  feels about this",0,0
2023-05-21 11:01:41,"Mahrez, Foden and Alvarez are more than enough to dismantle our whole team.",1,-1
2023-05-21 11:14:17,"Grealish is trying hard to stay awake",0,0
2023-05-21 11:14:25,"Alvarez is gonna be primed and ready when Haaland eventually leaves",1,0
2023-05-21 11:23:04,"Kalvin Phillips is so confident then again everyone is confident against Chelsea.",0,-1
2023-05-21 11:30:15,"Rico Lewis and Cole Palmer to start in 2024 euros",0,0
2023-05-21 11:34:35,"Someone picked Ederson up upside down and dipped him into a blue can lol",1,0
2023-05-21 11:36:04,"Vintage Raheem",0,0
2023-05-21 11:36:07,"Pep should have dyed his head",0,0
2023-05-21 11:36:21,"Ah Sterling thanks for the memories",0,0
2023-05-21 11:40:09,"The name Ortega always reminds me of the lawman in Road Rash.",0,0
2023-05-21 11:59:51,"Rest in peace everyone watching this after a big Sunday roast, there's a real danger this game will send you into a deep sleep which you may never wake from.",0,0
2023-05-21 12:12:36,"Sterling‚Äôs decision making on when to play a pass, is some of the worst I‚Äôve ever seen.",-1,0
2023-05-21 12:13:32,"Sterling why the fuck are you just standing about lol. Make runs bro",-1,0
2023-05-21 12:24:40,"You can tell it's still a pep team , but there's a lot of giveaways and poor passes from this lineup",0,0
time,comment,manchester_sentiment,chelsea_sentiment
2023-05-21 12:37:39,"Why doesn't Madueke start every game for Chelsea? Whenever I watch them he seems like the only decent player on the pitch",0,1
2023-05-21 12:39:27,"KDB & Rodri on, training session indeed",1,0
2023-05-21 13:02:04,"big up phillips\n\nnot even played three matches worth of minutes but he's snagged himself a PL medal",1,0
2023-05-21 11:22:31,"Alvarez is what Arsenal fans think Jesus is.",0,0
2023-05-21 11:15:01,"alvarez is too good he‚Äôs definitely one of my favorite players to watch",1,0
2023-05-21 11:26:46,"Imagine Chelsea against Man City‚Äôs usual starting 11",-1,1
2023-05-21 11:27:00,"Commentators just chatting random bollocks because they know Chelsea isn‚Äôt doing shit",0,-1
2023-05-21 11:29:25,"Foden is actually incredible. Will be a midfield legend for city",1,0
2023-05-21 11:31:31,"rico playing wherever he wants",0,0
2023-05-21 11:31:40,"It's a very good year for Alvarez. World cup and EPL winner. If we win the CL and FA cup, bro is finishing football early.",1,0
2023-05-21 11:45:13,"did we get a discount on red/pink boots\n\nhalf the teams wearing them",0,0
2023-05-21 11:47:51,"Why did we buy Sterling lmao. Two easy pass options forward and he waits until he can‚Äôt pass anymore and passes back.",-1,0
2023-05-21 11:48:36,"Genius by Sterling slowing down the play then dumping it on RLC so he can get pressed to shit",-1,0
2023-05-21 11:50:18,"Welcome to your weekly Sterling frustration.",-1,0
2023-05-21 11:50:31,"Chelsea are so lucky Arsenal lost yesterday",0,1
2023-05-21 12:22:38,"Seeing Haaland warming up to come in a game that you‚Äôre down by 1 in must be terrifying",-1,0
2023-05-21 12:31:35,"Can't believe there are people who still rate Kai Havertz out there",-1,0
2023-05-21 12:33:56,"Finally Pep Guardiola is giving exciting young prospect Erling Haaland some time on the pitch!",1,0
2023-05-21 12:34:13,"Plus why did ref have to go to monitor",0,0
2023-05-21 12:37:20,"Rodri and KDB up next get fucked lols",0,0
2023-05-21 12:39:11,"Why are we bringing on our B team? These plebs are useless.\n\nI want to see Phillips.",-1,0
2023-05-21 12:49:25,"Elsewhere Dortmund have scored",0,0
2023-05-21 10:52:17,"If Chelsea get outplayed by this team, they should just delete the club.",-1,1
2023-05-21 11:19:31,"I'm the first one to shit on City and their means of reaching their sporting and financial status but Chelsea having a worst A-team than City's B-team despite spending 600m just shows how different you can use your money",-1,1
2023-05-21 11:33:26,"It's almost impressive how terrible lampard is as a manager. Truly unique ability to make his team look worse then you ever thought possible",-1,0
2023-05-21 11:38:11,"Who the fuck is this second commentator?\n\n‚ÄúWith the form that Sterling‚Äôs in, we expect him to score that chance‚Äù\n\nWhat form",-1,0
2023-05-21 11:42:06,"How does someone make as much money as Palmer and have a haircut that looks like a 10 year old did it behind a dumpster with their eyes closed",0,0
2023-05-21 11:48:02,"I am officially becoming a Sterling slander account. I cant take this. PASS THE FUCKING BALL",-1,0
2023-05-21 12:59:09,"From 115 charges to 116, up the boys, let's go!",0,0
2023-05-21 11:15:59,"Alvarez is coming for that golden boot award.  The Norwegian fraud sweating.",1,0
2023-05-21 11:17:54,"Lewis looks extremely comfortable whenever he plays",1,0
2023-05-21 11:24:15,"Rico Lewis is so fucking good man.",1,0
2023-05-21 11:27:52,"City's B team are toying with Chelsea, and the worst part is they'd probably do the same to a bunch of teams in the prem.",1,-1
2023-05-21 11:28:57,"Pep should just sub himself in",0,0
2023-05-21 11:29:51,"Almost funny to see havertz try pressing but turning around to see every single passing lane wide open",-1,0
2023-05-21 11:32:03,"Sterling is so fucking bad. Why in the world would you dribble into 2 players instead of just passing out to a free man",-1,0
2023-05-21 11:33:18,"Can Chelsea bring this energy midweek at old Trafford too",0,0
2023-05-21 11:33:23,"I thought traffic cones were supposed to be orange and white, not royal blue.",0,0
2023-05-21 11:36:07,"Ederson and Laporte doing eachothers hair? looks terrible haha",0,0
2023-05-21 11:36:25,"Ortega you are mint",1,0
2023-05-21 11:44:10,"Foden is probably being bothered by the sunlight.",0,0
2023-05-21 11:45:59,"Rico Lewis reminds me on Gundo in terms of being cool on the ball",0,0
2023-05-21 11:49:53,"Can someone remind me why Chelsea bought Sterling in the first place?",0,-1
2023-05-21 12:06:05,"Whoever did Sterling's hair needs to be in prison, cause they pushed his hairline WAY back",-1,0
2023-05-21 12:12:09,"Going from Ederson to basically any other keeper feels like it would really hurt City's system of playing out from the back because he's so ridiculously good at it but Ortega doesn't feel like much of a downgrade in that department at all. It's very impressive.",1,0
2023-05-21 12:24:13,"Sterling you have so many options, why do you always choose the worst one?",-1,0
2023-05-21 12:26:01,"Johnny Boulders!!",0,0
2023-05-21 12:26:24,"Stones loves a goal line clearance",0,0
2023-05-21 12:26:37,"This is like greatest hits from both Stones & Raheem - goal line clearances and almost scoring offside goals",0,0
2023-05-21 12:27:18,"Sterling is genuinely the only one giving them a problem.",-1,0
2023-05-21 12:28:31,"Did 11 Chelsea fans sneak on for the second half because they've played a little bit better this half",-1,1
2023-05-21 12:33:58,"Aww no :( Just want Alvarez to score more :(",0,0
2023-05-21 12:37:17,"Pep what the fuck",-1,0
2023-05-21 12:39:47,"It'd be pretty funny if Chelsea scored now.",0,1
2023-05-21 12:40:18,"Pep making more subs this game than he did all season",0,0
2023-05-21 12:51:48,"Just saw a guy in the City crowd there that was pure curls in mullet and beard. A genuinely marvellous specimen of a man.",1,0
2023-05-21 11:15:25,"Imagine having Alvarez on your team and he's not even a starter normally",1,0
2023-05-21 11:16:16,"Grealish: The cool kid in school talking about his crazy night\n\nHaaland: Me who played video games all night",0,0
2023-05-21 11:16:53,"People complaining city fielding a weakened team. Mate even city womens team can beat this shit of a team.",-1,0
2023-05-21 11:17:11,"They are fucking toying with us...",-1,0
2023-05-21 11:17:32,"Cole Palmer is cooking. Nice talent.",1,0
2023-05-21 11:17:54,"Lewis is such a stud man",1,0
2023-05-21 11:18:11,"Literally falling over each other to tap it in.\n\nChelsea are dogshit.",-1,0
2023-05-21 11:19:42,"Ortega on his way to a third clean sheet against Chelsea this season",1,0
2023-05-21 11:20:42,"Grealish looks like he just woke up from a 20 minute sleep after a rager full of alcohol, women, and coke.",0,0
2023-05-21 11:22:05,"Chelsea are more concerned about this injury than City. If Alvarez has to go off Haaland will come on",0,0
2023-05-21 11:27:25,"I think the worst thing about this game is that Chelsea could be losing 3-0 by the 60th minute then we do substitutions: Haaland, Debruyne, Gundogan, Silva and Dias",-1,0
2023-05-21 11:28:14,"Lampard should be sacked for not playing the young new signings of Mudryck, Fofana, Madueke, Chukwuemeka etc. \n\nHe doesn‚Äôt need to win games. He knows he isn‚Äôt getting the job. \n\nWhat is he trying to learn about Sterling, Kai Havertz or Gallagher that would benefit a future Chelsea manager rather than seeing what the new kids can do?",-1,0
2023-05-21 11:31:34,"This team is actually a little more exciting to watch since they‚Äôre not drilled quite as well as the starting 11.",0,0
2023-05-21 11:33:27,"Sterling, you a funny dude",-1,0
2023-05-21 11:34:03,"What on earth is that on Ederson's neck?",0,0
2023-05-21 11:36:13,"ortega what a split.",1,0
2023-05-21 11:36:38,"Good save from Ortega but Sterling 1v1 only ends one way",-1,0
2023-05-21 11:36:45,"Where‚Äôs your hair dye pep?",0,0
2023-05-21 11:36:52,"Commentators literally talking about Pep's head I'm done",0,0
2023-05-21 11:38:30,"Lampard pretending like he know what he‚Äôs doing",-1,0
2023-05-21 11:40:22,"Neville getting a throbbing erection from Ortega‚Äôs save when it actually hit the post",0,0
2023-05-21 11:47:19,"Rico Lewis is so good can‚Äôt wait to see what he‚Äôll become in a few years",1,0
2023-05-21 11:48:43,"Someone should grab Sterling by the collar and scream in his face ""PASS THE FUCKING BALL YOU TWIT""",-1,0
2023-05-21 11:49:18,"Feels like a pre season friendly tbh",0,0
2023-05-21 12:39:15,"Pep says its time to stop fucking around",1,0
2023-05-21 12:39:21,"Pep is flexing by bringing on KDB and Haaland.",1,0
2023-05-21 12:40:40,"Rodri...wtf Pep\n\nLet the man rest",-1,0
2023-05-21 12:42:50,"Call me crazy but I think I would have started this Madueke chap.",0,0
2023-05-21 12:44:33,"David Silva would get into any team he wants.",1,0
2023-05-21 12:56:31,"Way to ruin the celebrations lol",-1,0
2023-05-21 12:59:56,"Itt: people who never leave their house making fun of match going fans.",0,0
2023-05-21 11:37:24,"Imagine Enzo in this city team or any other competent top side.",1,0
2023-05-21 10:59:06,"Humiliating for Raheem",-1,0
2023-05-21 11:02:21,"People who think Chelsea have a chance with City's lineup are failing to remember we'd likely fail to beat an under 20 team from EFL 2.",0,-1
2023-05-21 11:05:41,"good run and cross from Palmer",1,0
2023-05-21 11:06:46,"Why the fuck are both teams wearing blue",-1,0
2023-05-21 11:07:58,"Wonder who on City's bench is hungover",0,0
2023-05-21 11:08:05,"[deleted]",0,0
2023-05-21 11:14:58,"This chelsea team is losing to city‚Äôs C team. What a lifeless husk of a club.",0,-1
2023-05-21 11:15:29,"Alvarez finishing needs to be studied. He makes it look too easy",1,0
2023-05-21 11:23:01,"Can Chelsea chill with the tackles",-1,0
2023-05-21 11:29:58,"Guys. I know this is insane, but... I think Chelsea might not win today's match.",0,-1
2023-05-21 11:33:25,"Football players vs training cones",0,0
2023-05-21 11:37:39,"Dont think ive ever in my life seen Sterling have a breakaway or a good chance and thought hes going to tuck it away. Why Chelsea everybought a guy notorious for being a horrible finisher when they need a finisher is beyond me.",-1,0
2023-05-21 11:38:54,"Lewis Hall you are fantastic",1,0
2023-05-21 12:02:32,"Chelsea needs someone who is great at motivate players like Mourinho. He will talk them into believing they are the underdogs and they need to fight for their family.",0,0
2023-05-21 12:20:09,"Lampard‚Äôs Chelsea has kept Haaland from scoring, how about a five year extension Todd?",0,0
2023-05-21 12:33:14,"pretty clear handball lol",0,0
2023-05-21 12:33:24,"Pep, what did we do to you?",0,0
2023-05-21 12:33:53,"That‚Äôs how var should be done. One look, clear handball. Sorted",0,0
2023-05-21 12:34:06,"Oh lawd, he coming!",0,0
2023-05-21 12:35:33,"his fucking neck is massive man",0,0
2023-05-21 12:36:45,"I really like Madueke, feel like whenever i've watched him for Chelsea he's been the most dangerous",1,0
2023-05-21 12:46:10,"Lmao at Koulibaly complaining that Haaland outmuscles him",1,0
2023-05-21 12:58:57,"Hahaha plastics",-1,0
2023-05-21 11:39:36,"Spray paint your head Pep",-1,0
2023-05-21 11:18:07,"Getting cooked by the b team lol, levels to this",0,0
2023-05-21 10:57:35,"The disrespect with the City lineup lol",0,0
2023-05-21 10:57:48,"that bench jesus christ",1,0
2023-05-21 10:58:31,"Insane bench from city",1,0
2023-05-21 10:59:54,"[deleted]",0,0
2023-05-21 11:00:00,"Who had headphones on the baby? They all should.",0,0
2023-05-21 11:00:49,"Is there an active football player who has an absurd amount of kids? Would be funny if he became a champion and brought all his kids with him on the pitch",0,0
2023-05-21 11:04:10,"and.... Phillips gets nutmegged... :(",0,0
2023-05-21 11:09:38,"Palmer looks good on a technical level but his decision making seems very slow.",0,0
2023-05-21 11:14:27,"La Arana",0,0
2023-05-21 11:14:49,"I know they aren't a clash but I still dislike the two blue kits at the same time.",0,0
2023-05-21 11:14:55,"good finish from Alvarez",1,0
2023-05-21 11:15:28,"Chelsea look like a league 2 side, absolutely horrendous at the back",-1,0
2023-05-21 11:16:23,"Imagine losing to City, could never be my team",-1,0
2023-05-21 11:17:11,"Ouuu I like what we're cooking",1,0
2023-05-21 11:17:40,"what a goal that would've been",1,0
2023-05-21 11:19:20,"I cannot believe we took a point off this City side lol",1,0
2023-05-21 11:19:30,"Chelsea legitimately the worst side in the league",-1,0
2023-05-21 11:28:42,"Man Foden is amazing idk how people downplay him. Maybe the English media went over the top which played a factor, but the guy is unreal. He's spent his whole career / younger years getting molded into a perfect pep player",1,0
2023-05-21 11:29:55,"Honestly i love watching Mahrez, love that type of player",1,0
2023-05-21 11:31:48,"Foden is waayy too good to be riding the bench. Curious what Pep will do with him next year, maybe move him to midfield if Gundo leaves?",1,0
2023-05-21 11:31:55,"oh what a finish that would've been",0,0
2023-05-21 11:32:25,"[deleted]",0,0
2023-05-21 11:33:37,"Sterling is so fucking bad.",-1,0
2023-05-21 11:34:08,"Ederson what have you done",-1,0
2023-05-21 11:34:23,"Commentators cooking azpi more than City lmao",0,0
2023-05-21 11:34:24,"The thing City  do so well is make it so hard to get out of your own half when there is 9 players in your half constantly pressing you.",1,0
2023-05-21 11:34:31,"Yoooo that hair on Ederson ü¶ô",0,0
2023-05-21 11:34:49,"Think that Enzo went to usüòÇüòÇüòÇ HAHAHAHAHA",0,0
2023-05-21 11:35:31,"Great save Ortega",1,0
2023-05-21 11:35:35,"Trying to imagine myself in the moment of getting a smiley face tattooed behind my ear. Had to watch two of my friends get matching wine glass tattoos on their wrists, so I've got a decent idea of the amount of alcohol necessary for that kind of decision making.",0,0
2023-05-21 11:36:08,"What the fuck what a save",0,0
2023-05-21 11:36:13,"Good save",1,0
2023-05-21 11:37:12,"yep that's Sterling",-1,0
2023-05-21 11:44:13,"Just imagine for a second, if arsenal didnt bottle against nottingham and city played their first eleven to win the title... wouldve been a slaughter",0,0
2023-05-21 11:46:15,"Even Philips having a go üòÜ",1,0
2023-05-21 11:47:20,"Sterling and Sancho both having an absolute mare season",-1,0
2023-05-21 11:53:47,"Chelsea(43) doesn't even have half the points of man City (88)",0,0
2023-05-21 12:12:48,"Palmer-Lewis-Foden linkup has been brilliant\n\nDay has been made man.",1,0
2023-05-21 12:13:11,"I dont get it. What purpose does it serve Chelsea playing some of their older/shit players today?",0,-1
2023-05-21 12:15:44,"Terrorist football from chelsea this",-1,0
2023-05-21 12:18:19,"[this is so wrong ](https://twitter.com/City_Xtra/status/1660305200916180994?t=XFpwQnTqvsnWQn499WLaVA&s=19)",0,0
2023-05-21 12:19:20,"Would've been nice for Phillips that",1,0
2023-05-21 12:19:39,"Put Sterling out of his misery already",-1,0
2023-05-21 12:19:54,"Sterling is tragic",-1,0
2023-05-21 12:20:13,"Ortega is killing it right now",1,0
2023-05-21 12:21:01,"haaland warming up. we love it",1,0
2023-05-21 12:21:23,"Haaland warming up siuuu",1,0
2023-05-21 12:23:04,"[Lampard seeing Haaland warming up](https://i.imgur.com/CN3Bsuv.jpg)",0,0
2023-05-21 12:23:29,"Where Mudryk",0,0
2023-05-21 12:25:47,"I am so tired of the Sterling experiment.",-1,0
2023-05-21 12:26:07,"Johnny stones to the rescue",1,0
2023-05-21 12:26:40,"John Stones giving Liverpool fans some major PTSD there with a goal line clearance...",0,0
2023-05-21 12:26:49,"John Stones and goal line clearances. What a combination.",1,0
2023-05-21 12:26:51,"\"Super Sunday\" is the biggest lie Sky Sports have ever peddled\n\nAin't nothing super about this",0,0
2023-05-21 12:33:28,"Lmao is that Haaland getting ready",1,0
2023-05-21 12:34:05,"Haaland coming on lmao, they‚Äôre gonna get beat down",1,0
2023-05-21 12:34:55,"erling you have the opportunity to do the funniest thing ever",1,0
2023-05-21 12:34:59,"I think we convinced that guy to lose his bet",0,0
2023-05-21 12:35:44,"Haaland already running rampant on us with his first touch lmfaoo",1,0
2023-05-21 12:36:24,"Can Alvarez get a hat-trick of disallowed tap-ins",0,0
2023-05-21 12:40:06,"Gomez completely ignored\n\nBit sad",0,0
2023-05-21 12:44:40,"I hope after this season we never have to watch Havertz up top again",0,-1
2023-05-21 12:50:24,"I'm convinced I've accidentally turned on a Man City training session",1,0
2023-05-21 12:52:21,"Cole ‚ÄúThe Liam Delap of City‚Äù Palmer about to lift that trophy üèÜ",1,0
2023-05-21 12:52:24,"Football would be much more enjoyable if these little deliberate break-the-play fouls were actually punished",0,0
2023-05-21 10:52:18,"The amount of talent left on City's bench today makes it clear ‚Äì Pep is scared about coming to the Amex on Thursday",0,0
2023-05-21 11:35:01,"If Sterling could score tap-ins and open net shots from 5m he'd be at least a sub on a potential treble winning team rn",-1,0
2023-05-21 12:24:03,"Thank god we got rid of Sterling, he‚Äôd have dragged city down with him",-1,0
2023-05-21 12:30:42,"Glad they are applauding Raheem, seen far too many losers online being weirdly disrespectful to him",1,0
2023-05-21 12:58:24,"*no atmosphere and money comment here*",0,0
2023-05-21 10:58:15,"What the fuck is this line up from Lampard",0,-1
2023-05-21 11:00:06,"I don't know why but I didn't expect Walker to have 3 kids after seeing that video at the bar",0,0
2023-05-21 11:04:54,"I can‚Äôt stand Lampard as a manager. He is so freaking clueless. Again a fucking shit lineup. Holy fuck I‚Äôm going to explode",-1,0
2023-05-21 11:13:09,"Philips looking surprisingly confident?",0,0
2023-05-21 11:14:27,"Walked the ball into net\n\nFofana cost ¬£70m",0,0
2023-05-21 11:14:29,"I expected nothing and my heart still sinks...",0,0
2023-05-21 11:14:31,"We want 10",0,0
2023-05-21 11:14:46,"Aguero regen for sure",0,0
2023-05-21 11:15:56,"This might be one of the best benches ive ever seen",1,0
2023-05-21 11:16:14,"I know technically Chelsea have nothing to play for, as do we, but come on guys you gotta play for your dignity at least",0,0
2023-05-21 11:16:14,"I think we‚Äôd actually find a way to lose to cardboard cut outs of Man City players, we‚Äôre just THAT bad lmao",-1,0
2023-05-21 11:16:18,"Bruh silva was so bad on that goal too",-1,0
2023-05-21 11:17:05,"juli‚Äôs finishing is so good",1,0
2023-05-21 11:17:09,"Rico Lewis my god",1,0
2023-05-21 11:17:53,"Rico and palmar :')",1,0
2023-05-21 11:17:54,"Holy shit those are actual professionals playing defense that bad.",-1,0
2023-05-21 11:17:59,"Well that would have been stunning if it ran to Foden first time",1,0
2023-05-21 11:18:01,"ALMOST NUT",0,0
2023-05-21 11:18:28,"Alvarez‚Äôs accidental block was really Chelsea‚Äôs best defense.",0,0
2023-05-21 11:18:28,"nobody expected rico do that pass",0,0
2023-05-21 11:18:50,"That was a beautiful move from City",1,0
2023-05-21 11:20:03,"Only City‚Äôs B team is capable of cooking teams sigh",0,0
2023-05-21 11:21:14,"city b-team outplaying chelsea is crazy to me. that b-team know each other better than chelsea",0,-1
2023-05-21 11:24:30,"still early in but phillips looking alright so far",1,0
2023-05-21 11:26:09,"I know we‚Äôre shit but Lampard really needs to stop having a face like a smacked arse on the touchline and try to encourage the team",-1,0
2023-05-21 11:26:31,"Fuck me that City counter.",0,0
2023-05-21 11:28:45,"600 million Chelsea looking good lol",-1,0
2023-05-21 11:29:16,"Southg8 m8, you watching Rico Lewis?",0,0
2023-05-21 11:31:29,"Almost brilliant",1,0
2023-05-21 11:31:56,"Chelsea literally don‚Äôt care lmao",-1,0
2023-05-21 11:33:06,"never seen a worse chelsea side in my life",-1,0
2023-05-21 11:33:51,"Sterling...",0,-1
2023-05-21 11:35:47,"This city keeper looks pretty short and compact",0,0
2023-05-21 11:35:51,"British Sterling is beyond finished.",-1,0
2023-05-21 11:36:19,"Edersons head is my fav soda color",0,0
2023-05-21 11:36:30,"Ortega is surprisingly sturdy for a back-up goalkeeper.",1,0
2023-05-21 11:37:16,"Ederson ‚ÄúBlue Raspberry‚Äù Moraes",0,0
2023-05-21 11:37:33,"I'm honestly happy that Sterling made a run in behind the defense and a pass went to him. Even if he missed, it shows these players are not completely inept",1,-1
2023-05-21 11:37:34,"I have never seen Sterling absolutely lace the ball, always an inside shot (weak or strong foot)",0,-1
2023-05-21 11:38:25,"Thank you Gallagher for showing up to the game",1,0
2023-05

-21 11:38:40,"Ngl i think ederson let‚Äôs both of those in",0,0
2023-05-21 11:38:47,"Where is Kanye?",0,0
2023-05-21 11:39:14,"Can someone remind Sterling that he transfered over to Chelsea over last summer?",0,-1
2023-05-21 11:39:40,"Got to clear that Rico.",0,0
2023-05-21 11:47:03,"[deleted]",0,0
2023-05-21 11:50:54,"Good Christ was that a low energy final ten minutes",0,0
2023-05-21 12:00:12,"Lampard has the haunted, gaunt look of a man who knows this is his second last game as a manager of a professional football team.\n\nNon-professional though? Doors will be swinging open as we speak.",-1,0
2023-05-21 12:04:04,"Every time I see Lewis Hall play I think he looks class.",1,0
2023-05-21 12:09:58,"Loftus-Cheek giveth, Gallagher taketh away",0,0
2023-05-21 12:10:01,"Interesting that commentators are actually talking about the atmosphere. If anyone missed it, they're talking about it basically died down after the Poznan.",1,0
2023-05-21 12:15:06,"Kai asks for the ball out wide then passes it back to Azpi. I hate this mfer",0,-1
2023-05-21 12:19:29,"Nooo Phillips goal would have been great lol",0,0
2023-05-21 12:21:04,"hydrogen bomb vs coughing baby",0,0
2023-05-21 12:21:16,"How has Sterling not been hooked off yet?",0,-1
2023-05-21 12:21:33,"Gonna vote for Lewis Hall as player of the season",1,0
2023-05-21 12:21:34,"does the fat man know he can do subs?",0,0
2023-05-21 12:21:57,"De bruyne warming up seems unnecessary lol",0,0
2023-05-21 12:24:31,"That was actually good play by Sterling",1,0
2023-05-21 12:25:58,"BOULDERS",0,0
2023-05-21 12:26:10,"i love stones",1,0
2023-05-21 12:26:12,"Tommy shelbyü§ù goal line clearences",1,0
2023-05-21 12:27:33,"Sterling just schooled Walker there. funny how Vini couldn‚Äôt do it lol",1,-1
2023-05-21 12:28:28,"Fuckin‚Äô Stonesy does it again",1,0
2023-05-21 12:30:57,"Havertz you are shit",0,-1
2023-05-21 12:32:28,"blatant handball",0,0
2023-05-21 12:33:59,"Why would mahrez bother celebrating",0,0
2023-05-21 12:34:45,"The scoring race between Haaland and Chelsea is back on.",0,0
2023-05-21 12:34:48,"Fuck FFP breaches, bringing Haaland on when you‚Äôre winning is cheating.",0,-1
2023-05-21 12:37:06,"Pep is just fucking with us with these subs",0,0
2023-05-21 12:39:09,"Are we facing full city for 10 minutes? Why Pep? Why?",0,0
2023-05-21 12:40:27,"Ortega has had a great game",1,0
2023-05-21 12:42:49,"Lol Madueke the only one trying to put a ball in the box and Havertz has the gall to complain when he‚Äôs got into the box about 9 years too late",0,-1
2023-05-21 12:42:59,"Would David Silva get into this City side? Stupid announcer.",-1,0
2023-05-21 12:44:29,"This is a pre-season game",0,0
2023-05-21 12:46:15,"May as well blow the final whistle, training games have more effort than this. Chelsea clearly not interested in fighting with nother to play for, and City just preserving energy",-1,0
2023-05-21 12:46:51,"Damn, we're fucked",-1,0
2023-05-21 12:46:54,"So many millions of pounds yet only like 2 players i think are any good",-1,0
2023-05-21 12:48:18,"Azpi vs Haaland is like a little annoying mosquito vs a giant",-1,0
2023-05-21 12:49:21,"Azplicueta marking Haaland will never not be funny",-1,0
2023-05-21 12:49:50,"It's comical how small Azpilicueta looked standing next to Haaland",-1,0
2023-05-21 13:04:30,"top lads delaying their trophy celebration. Nice Grealish impersonator",1,0
2023-05-21 11:19:19,"Lmao fucking no pride these bunch of fucking players",-1,0
2023-05-21 11:19:27,"Want to see Lewis do well. He is technically very good. Hope he physically also gets a little bigger.",0,1
2023-05-21 11:19:33,"We should have the kit man lay out training cones. Would do a better job than Lampard and these trash.",-1,0
2023-05-21 11:20:07,"Didn't expect much and... here it is, what a woeful season. Potch will have a rough time, there's no easy fix to this cluster fuck. Not even tactically, it's getting rid of players that's the problem. Talent is there, maybe even too much...",-1,0
2023-05-21 11:20:53,"That challenge is the most attacking thing Havertz has done for about 3 months",0,-1
2023-05-21 11:25:11,"How bad are Chelsea ffs",-1,0
2023-05-21 11:26:06,"Playing someone who can‚Äôt run at wingback is definitely a choice The famous IQ result is showing",-1,0
2023-05-21 11:28:50,"Foden has so much space that he could probably do a quick backflip and still be uncontested.",1,0
2023-05-21 11:28:56,"If chelsea got a goal every time they retained possesion in City's half, I would still fancy City's B team to win.",0,-1
2023-05-21 11:28:58,"This is a procession. The most half assed press I have ever seen. Even Gallagher isn‚Äôt trying",-1,0
2023-05-21 11:30:39,"It was only 2 years ago that chelsea was crowned European champions. Now we have THIS chelsea. Life comes at you fast.",-1,0
2023-05-21 11:31:28,"Duuuudeee, if that went in...cheeky af from Foden",1,0
2023-05-21 11:31:35,"Chelsea players are legit just walking around‚Ä¶",-1,0
2023-05-21 11:31:48,"Sooo close",0,0
2023-05-21 11:32:02,"Haha so fucking cheeky",0,0
2023-05-21 11:32:27,"Sterling and havertz are awful",-1,-1
2023-05-21 11:32:27,"Philips was good this far",1,0
2023-05-21 11:32:30,"Absolutely no sense of urgency or fight in the way we play‚Ä¶",0,-1
2023-05-21 11:32:45,"Our passing lmao",-1,0
2023-05-21 11:34:27,"What the fuck happened to Ederson's hair",-1,0
2023-05-21 11:35:56,"Dude with that yoga save",0,0
2023-05-21 11:36:01,"Sterling is so bad",-1,0
2023-05-21 11:36:01,"pep's resisted Oh my goddddd",0,0
2023-05-21 11:36:20,"Damn what a save",0,0
2023-05-21 11:36:43,"good save",1,0
2023-05-21 11:37:04,"Probably a goal if that‚Äôs Ederson lol",-1,0
2023-05-21 11:37:54,"Good save but that looked awkward, could've injured himself the way his legs split.",0,0
2023-05-21 11:38:41,"We are dire *and* cursed? Let the season end mate",-1,0
2023-05-21 11:39:10,"How has Phillips looked so far?",1,0
2023-05-21 11:42:36,"Does this game mean anything for either side?",0,0
2023-05-21 11:46:32,"Curved outside instead of inside. Shot power and height was good from Phillips.",1,0
2023-05-21 11:51:09,"Chelsea are so poor.",-1,0
2023-05-21 11:51:11,"[deleted]",0,0
2023-05-21 11:53:57,"Haaland on for last 20 to scoop up some goals?",0,0
2023-05-21 11:55:17,"Love Azpi but he should have left in the summer, will never forgive Tuchel for keeping him on.",0,-1
2023-05-21 11:56:04,"I think I can run faster than Azpi while taking my bong shot.",0,-1
2023-05-21 11:58:13,"I can't imagine Lampard inspires a lot of confidence amongst the players, right? The guy looks depressed and it certainly can't help hearing people shit all over your manager at every single chance, right?",-1,0
2023-05-21 12:00:39,"I don't understand Kalvin phillips, he moves like he has been playing every game this season. He seems confused on the pitch.",0,0
2023-05-21 12:07:59,"One thing that made me feel like I have no idea about football was when Datro Fofana played and I thought he looked really promising and energised, for him to then be sent to the shadow realm for the rest of the season lol",0,0
2023-05-21 12:13:19,"okay it‚Äôs starting to feel somewhat like an actual match now. time to make subs",0,0
2023-05-21 12:18:13,"Pep with nothing to play for making subs before Frank lmao. Amazing.",1,-1
2023-05-21 12:19:28,"Fuck off Ortega omfg",-1,0
2023-05-21 12:19:56,"ortega is so good",1,0
2023-05-21 12:20:35,"Palmer's 1v1 ability is special, but the final action has to be worked on",1,0
2023-05-21 12:21:28,"It's hard to stay awake sitting down so now they are out there jogging.",0,0
2023-05-21 12:21:53,"Chelsea shape is a mess",-1,0
2023-05-21 12:22:10,"Lewis Hall is a player. He's a midfielder deputizing at LB right?",0,0
