time,comment,man_city,man_und
2022-10-02 10:01:00,"The United Stand tweeted â€œany changes for the second half?â€ And someone replied â€œthe channelâ€",0,0
2022-10-02 10:35:44,"''Phil Foden is the first player to score a hat-trick in the Manchester derby since Erling Haaland, nine minutes earlier.''\n\nGreat damn tweet\n\nhttps://twitter.com/RichJolly/status/1576580784013643777",1,0
2022-10-02 09:11:25,"buying casemiro only for him to be benched by mctominay is insane",-1,0
2022-10-02 09:34:36,"What a sight Casemiro and Ronaldo sitting next to each other on the bench for a big game like this. How is Casemiro not starting lol",-1,0
2022-10-02 09:11:41,"Maybe the real Casemiro was the friends we made along the way",0,0
2022-10-02 09:20:27,"why on earth is city's 5th choice CB so good",1,0
2022-10-02 09:52:01,"This is the first time Manchester United have conceded four goals in the first half since August."\n\nvia RichJolly on Twitter",-1,0
2022-10-02 09:57:46,"Harry Maguire probably over the moon that this canâ€™t be pinned on him.",0,0
2022-10-02 09:59:40,"Casemiro won two European finals in his last two starts for Real Madrid, one of which he was the MOTM in, and now you're telling he can't even start over McTominay in a match that would be ideal for him to play in\n\nOne of the most ridiculous things I've ever seen a club/coach do",-1,0
2022-10-02 10:28:11,"Chad Man U fans: \n\n- Buy tickets to the Manchester Derby\n\n- Leave at half time\n\n- Use empty seats as evidence to roast Man City for having plastic fans",0,0
2022-10-02 11:08:36,"casemiro was bought so ronaldo can have a discussion with someone in the bench",0,0
2022-10-02 09:00:01,"Casemiro went from being the best dm in the world to being benched by mctominay",-1,0
2022-10-02 10:02:17,"Haaland has scored 5 more goals than Manchester United in the Premier League.",1,0
2022-10-02 10:17:06,"I hate when City take theheat off in second halves.\n\nI hate it so much..",-1,0
2022-10-02 11:00:47,"Itâ€™s weird seeing a team score three consolation goals.",0,0
2022-10-02 09:27:25,"I know Casemiro has not been having the best of games at United but this guy has played in some of the biggest games in world football. Maybe just play him for the experience?",0,0
2022-10-02 09:45:26,"Haaland unlocked passing. \n\nLeague is fucked.",1,0
2022-10-02 08:56:44,"Manchester is bald",0,0
2022-10-02 09:45:31,"Only one way to stop Haland now.. I'll add him to my fantasy team..",0,0
2022-10-02 09:01:02,"Gotta be the baldest matchup in Premier League history here",0,0
2022-10-02 10:56:39,"Pep's going to be fuming after this.",-1,0
2022-10-02 09:39:18,"Lol KDB whispered dracarys when he sent that cross. Straight fire.",1,0
2022-10-02 09:44:24,"Ooooh look at me Iâ€™m Erling Haaland and I score a lot of goals every game. Just leave us alone bro please",0,0
2022-10-02 11:00:38,"I doubt thatâ€™ll be the last team City will steamroll through this season. Haaland is the final piece of the puzzle that completes the team.",1,0
2022-10-02 09:50:05,"50 - Phil Foden has scored his 50th goal for Manchester City in all competitions. Aged 22 years and 127 days, he is now the youngest player to reach 50 goals under Pep Guardiola, surpassing Lionel Messi (22y 164d). Prodigious."\n\nvia OptaJoe on Twitter\n\nUff.",1,0
2022-10-02 09:26:54,"practice six existence spark possessive hateful cover agonizing political wipe\n\n *This post was mass deleted and anonymized with [Redact](https://redact.dev)*",0,0
2022-10-02 09:49:47,"United fans rushing to beat the traffic to London",0,0
2022-10-02 10:19:51,"Tbh I hate it when city slows down in the 2nd half, they could just 8-0 or something.",-1,0
2022-10-02 10:09:17,"should call the second half off to show respect to the Queen, itâ€™s not been long enough yet. We need more time to mourn her majesty",-1,0
2022-10-02 10:20:05,"Lmao CR7 shouldn't have listened to Ferguson.",-1,0
2022-10-02 10:42:23,"LAST GOAL WINS, LET'S GO",0,0
2022-10-02 09:39:56,"KDB + Haaland is a insane combo",1,0
2022-10-02 09:52:27,"If this was fifa I would try to score with Ederson just o make it interesting",0,0
2022-10-02 10:06:57,"Bournemouth are the only club to have stopped Erling Haaland from scoring in his last 10 Man City appearances."\n\nvia OMyles90 on Twitter.",0,0
2022-10-02 10:23:53,"Premier league record for hat-tricks is 12, held by Aguero. Haaland has 3 already in 8 games",1,0
2022-10-02 08:56:45,"Im just here for the HÃ¥Ã¥land show",1,0
2022-10-02 09:24:16,"How is McTominay playing over Casemiro",0,-1
2022-10-02 09:32:11,"This Grealish form is clearly screaming heâ€™s got his mind on a starting place in Qatar at Sterlingâ€™s expense. Saw it with Saka yesterday too. Love to see it",1,0
2022-10-02 11:55:41,"Haaland is too OP man, he needs a patch before he crashes the game lol",1,0
2022-10-02 09:48:30,"Nothing against the fans leaving early. Theyâ€™ve a train to London to catch",0,0
2022-10-02 09:29:39,"Crazy how good the starting CBs are considering Stones, Dias and Laporte aren't playing.",1,0
2022-10-02 09:50:01,"Can we all agree that City scoring 10 and every single paper in the country running the headline Eric TEN Hag is what the world needs right now?",1,0
2022-10-02 10:11:08,"Donâ€™t worry fellow United fans. I will fix this result myself when I boot up FIFA after eating breakfast",0,-1
2022-10-02 10:24:32,"Haaland has now made 3 hattricks in only 8 games in the PL shattering the previous record held by Michael Owen who did it in 48 games. Absolutely mental!",1,0
2022-10-02 10:32:18,"To think this all could have been avoided if spurs didnâ€™t price kane out of a move",0,0
2022-10-02 10:53:25,"Foden must be kind of gutted Haaland getting the ball lmao he will have many more matches like these not sure about foden lol Aww he gave it to foden what a beast ðŸ˜‚",0,0
2022-10-02 10:51:09,"5 goals, more than 6 subs and one stoppage - 2 mins lmao",1,0
2022-10-02 09:14:27,"[deleted]",0,0
2022-10-02 11:00:11,"League's gone lads. I'm going to start watching bog snorkelling now.",0,-1
2022-10-02 09:13:25,"Spending 70M on the best defensive mid on the planet and benching him for Scott fucking Mctominay in a huge derby like this is an incredibly brain dead decision",-1,0
2022-10-02 10:55:39,"Lmao did Haaland get annoyed at the cameraman at the end there",0,0
2022-10-02 09:32:30,"Shut up Bruno you would have played on too mate",0,-1
2022-10-02 10:19:31,"Gary Neville said game on ðŸ˜­ðŸ˜­ðŸ˜­",0,0
2022-10-02 10:45:38,"â€œItâ€™s 2-2 in second halfâ€ Thatâ€™s some grade A copium",0,0
2022-10-02 09:33:20,"Like the dead guy on the pitch. Adds a nice ambiance to the game",0,0
2022-10-02 10:16:47,"Â¨it was the saddest banger of my career"",0,0
2022-10-02 09:33:03,"Varane power nap",0,0
2022-10-02 10:32:56,"Pep subbing on a Squadron 6-1 up is violence and a crime",1,0
2022-10-02 10:44:47,"No way did Tyler say â€œtechnically itâ€™s 2-2 in the second halfâ€ in jest lol",0,0
2022-10-02 10:45:56,"Casemiroâ€™s like fuck it I came here to retire anyway",0,0
2022-10-02 10:49:48,"Man Utd wins second half 3-2. So it's 1-1 in halfs really.",0,1
2022-10-02 12:20:24,"How do you stop Haaland? Honestly never seen anybody like him.",1,0
2022-10-02 13:02:34,"Is Ronaldo that finished that he can't even get minutes when the team is already 4-0 down? I mean the guy is still a good footballer to at least have some minutes.",0,-1
2022-10-02 10:36:38,"Yeah city are dominant on a tactical level, but look at the difference in player fitness. City all look on their toes, alert and in very good shape. United look like they just got back from a week in Zante",1,-1
2022-10-02 10:52:53,"haaland donating his match ball cause he know he gonna sweep the rest ðŸ˜‚",1,0
2022-10-02 09:55:04,"All this talk about Arsenal being title contenders after yesterdayâ€™s win against Spurs. Hell nah, thereâ€™s no title contender when City are gonna win the League easily. If any thereâ€™s only top 4 contention on the line.",1,0
2022-10-02 11:37:20,"Premier League is now Halaland",1,0
2022-10-02 10:10:46,"Akanji is probably the most surprisingly impactful signing from the summer window. Fit in right away",1,0
2022-10-02 10:36:15,"""remember the 6-1 derby loss?"" ""which one?""",0,0
2022-10-02 10:49:24,"Game was won at half time, but we've massively underperformed in the second half, conceding 3 should never happen, been far too loose at the back",0,-1
2022-10-02 10:53:04,"Haaland gave the ball to Foden cause he got enough of them",1,0
2022-10-02 09:32:40,"Varane already tired of this nonsense. Taking a nap",0,0
2022-10-02 09:45:14,"City look like Brentford out there, amazing.",1,0
2022-10-02 10:49:47,"This is an incredibly flattering scoreline for United lol",0,1
2022-10-02 09:47:47,"They were really saying Varane and Martinez are both top 3 centrebacks in the league, man. Itâ€™s not even been two months and theyâ€™ve been 4-0 down at half time TWICE.",0,-1
2022-10-02 09:49:24,"Rip Coolio. and Rip ManUtd",0,-1
2022-10-02 10:54:53,"Pep will be so pissed off, let 3 goals in against this United side, lol",0,1
2022-10-02 09:42:11,"Haaland is a literal cheat code. Amazing ball in for sure but thereâ€™s not another player in world football who gets to that. He is just the absolute perfect striker. Clinical, athletic, always in the right place and always makes the right decision. And heâ€™s still just a kid, itâ€™s ridiculous. The only hope is he decides to hop between clubs for new challenges rather than staying at City his whole career",1,0
2022-10-02 09:57:26,"middle rain cough vase narrow scale mysterious worry modern violet",0,0
2022-10-02 09:59:47,"Has 80-100m man Antony bothered to touch the ball yet?",0,0
2022-10-02 10:05:28,"Whatâ€™s Haaland really proving? Is it raining? Is it at Stoke? I thought so",0,0
2022-10-02 10:45:53,"Casemiro has basically joined united just to collect the pay cheque",0,1
2022-10-02 09:35:35,"Haaland looks like a Targaeryan",1,0
2022-10-02 10:49:16,"City should be embarrassed of this second half you know",0,-1
2022-10-02 08:55:37,"City without DM in important match, cool cool cool cool cool cool",0,0
2022-10-02 09:45:24,"He can assist now? Fuck off. League is over. Everyone is getting baptized.",-1,0
2022-10-02 09:47:17,"Lmao they are walking out, great stuff from the producer to find those shots",1,0
2022-10-02 09:51:00,"You can be 100% certain that the second half is gonna be shit. Erik will tell his team to avoid further embarrassment, and city will play it around the box for 45 minutes as if it was handball.",-1,0
2022-10-02 10:48:54,"Thatâ€™s a pen??? Martial dove like a ballerina.",0,-1
2022-10-02 10:49:11,"Lmao wtf is this game",0,0
2022-10-02 10:52:40,"why not sub off haaland if your subs just gonna sandbag the final 15 mins pep, let alvarez have a shot at making it 7 ffs",0,0
2022-10-02 10:54:11,"2 matchballs ayyyy",1,0
2022-10-02 09:01:32,"Will never get over how City have picked the absolute worst version of blue moon ever recorded Thereâ€™s loads of good versions to choose from ffs",0,1
2022-10-02 09:33:17,"City are under no obligation to stop because Varane died. What are United players crying about",1,-1
2022-10-02 10:52:38,"employ shelter unpack squeal north touch screw fearless subtract rain\n\n *This post was mass deleted and anonymized with [Redact](https://redact.dev)*",0,0
2022-10-02 11:06:08,"Iâ€™d like to know what Ronaldo is thinking",0,0
2022-10-02 09:32:14,"Bro took a nap",0,0
2022-10-02 09:35:18,"3 certainties of life: death, taxes, and haaland scoring",1,0
2022-10-02 09:47:45,"Getting the early train back down south",0,0
2022-10-02 09:54:45,"Imagine leaving Real Madrid to get benched for McTominay, and lose 4-0 in the first half vs the team you beat last season in the CL. Feeling for my boy Casemiro",0,-1
2022-10-02 09:56:36,"I don't understand Man United's tactics here. They started the game defending deep and trying to play on the counter, this didn't work and conceded. So they switch to a high line, but no one is pressing so City have been effectively given free reign??? WTF.",-1,0
2022-10-02 09:58:26,"tbh utd fans came today just to donate money to etihad",0,0
2022-10-02 10:16:30,"Martial coming on, ETH has figured out the key to success is more Anthonys",0,0
2022-10-02 10:26:12,"Sancho has been proper dogshit, feels like people are so used to him being bad now they  we have forgotten how much excitement there was around him when he initially signed",0,-1
2022-10-02 10:27:27,"keane could have saved the pl if he just aimed higher",0,0
2022-10-02 10:37:11,"14 Goals + 3 Assists, nerf Haaland.",1,0
2022-10-02 10:39:05,"Ahahaha suck a dick Fernandes",0,-1
2022-10-02 10:42:30,"2 Goals conceded in a home game? The title race is still on lads",1,0
2022-10-02 10:43:41,"8-2 ?",0,0
2022-10-02 10:44:43,"Weâ€™re gonna Real Madrid them in the last 5 minutes",0,0
2022-10-02 16:30:28,"Alright goodbye to messi-ronaldo era. It was good to watch. Both   \nlegendary players. This day was official announcement of the new era",1,0
2022-10-02 09:47:48,"This is what happens when you buy your Guardiola off wish",0,0
2022-10-02 09:49:31,"https://twitter.com/RichJolly/status/1576568787020775425",0,0
2022-10-02 10:20:23,"Haaland is quick, strong and seems to manage himself really well.\n\nReally makes one wonder if he's actually injury prone or if Dortmund are a bunch of donkeys overworking their players in training.",1,0
2022-10-02 10:32:07,"Ah. 6-1 again. Someone should put Fergie in focus",1,0
2022-10-02 10:34:22,"4 subs, he's taking the piss haha",1,0
2022-10-02 10:35:24,"Really hoped for haaland to remove his shirt to show a ""f*** Roy Keane"" t shirt under his jersey",1,0
2022-10-02 10:36:26,"I'm a neutral fan in this but United fans were chatting so much shit after their few wins",0,0
2022-10-02 10:52:58,"Antony looks like he could be the real deal if he was playing in a decent team. I love BF but starting to think he needs benching",1,0
2022-10-02 09:18:42,"After reading some of the comments on here, no one hates Manchester united more than man utd fans lmao.",0,0
2022-10-02 10:27:53,"Think I speak for every non United fan who grew up in England during the 90â€™s/00â€™s when I say that there isnâ€™t a club in world football who deserves this embarrassment more than Man United.",1,0
2022-10-02 09:17:51,"Akanji absolutely cunted that back at Ederson lmao",0,0
2022-10-02 09:25:04,"Imagine benching Casemiro for McTominey lol",-1,0
2022-10-02 09:51:34,"Ten Haag is a terrorist keeping Casemiro and Ronaldo on the bench.",0,-1
2022-10-02 09:55:47,"The worrying thing for the league is that Haaland gets a mid season break when other players are at the world cup running themselves into the ground.",1,0
2022-10-02 09:56:15,"Ten Hag already planning the route for tomorrow's ?km run.",0,0
2022-10-02 09:56:27,"Premier League Manager of the month strikes again",1,0
2022-10-02 09:57:00,"Pep wore his parachute pants because he knew he'd be doing a lot of jumping celebrating goals. Man leaves no detail unattended",1,0
2022-10-02 09:58:15,"At this rate, if Haaland gets injured for the entire 2023, he will probably still win the golden boot.",1,0
2022-10-02 10:06:46,"Really impressive that Arsenal managed to lose to this team.",0,-1
2022-10-02 10:08:09,"Antony has been invisible, yikes Edit: then he scores that banger. He heard me talking shit haha",0,1
2022-10-02 10:18:02,"Casemiro has the head of a 300 lb man.",0,0
2022-10-02 10:24:20,"three hat tricks in a row?????",1,0
2022-10-02 10:32:15,"3 goals and 2 assists ðŸ¤­",1,0
2022-10-02 10:34:09,"Imagine winning 6-1 and then having the luxury to sub on Mahrez and Alvarez",1,0
2022-10-02 10:34:27,"Sir Alex is fuming right now, just seething with rage",0,0
2022-10-02 10:38:11,"[deleted]",0,0
2022-10-02 10:43:22,"guardiola will be absolutely fuming. He prefers 4-0 over 6-2",0,0
2022-10-02 10:48:41,"How is this a pen?",0,-1
2022-10-02 10:49:11,"Pity penalty of the year",0,-1
2022-10-02 10:51:15,"City slacked off here. Should have put the boot to the throat. But then again, probably needed the rest more than the goal difference.",0,0
2022-10-02 11:06:54,"ronaldo and Maguire didnt play. man u still lost.",0,-1
2022-10-02 11:52:36,"Phil foden is pushing me closer to a joker moment",1,0
2022-10-02 10:53:07,"Embarrassing to let this United side score 3 tbh",0,-1
2022-10-02 09:11:17,"70 million Casemiro on the bench. Lmao",-1,0
2022-10-02 09:49:43,"United fans leaving before HT, says it all",1,-1
2022-10-02 09:54:46,"These United player have to be embarrassed at their fans walking out of the stadium at 40 mins. More fans left before half time today than total fans at the 'Glazer Protest Walkouts'. City are so far ahead of United it's embarrassing.",1,-1
2022-10-02 09:55:45,"Arsenal is not winning the league,I hope everyone saying that just sees reality. Our best bet is Cheering for City to take points from everyone else If City give Spurs 6 points again this season, I will literally cry",0,0
2022-10-02 10:09:47,"Still can't believe United spent 80 mil on Antony. For that kind of money you want instant impact.",0,0
2022-10-02 10:11:21,"[deleted]",0,0
2022-10-02 10:17:03,"City is making mistakes to keep united fans in the stands so their stadium earns more money",0,0
2022-10-02 10:17:12,"Luke Shaw has changed this game. I mean, have City scored since he came on at HT? Exactly.",0,0
2022-10-02 10:18:09,"Lol Ronaldo is even behind Martial in the sub order?",0,0
2022-10-02 10:20:45,"The lord does not listen, Antony scored just as I shared ""Scamtony"" jokes to my friend smh.",0,0
2022-10-02 10:23:26,"don't care, Haaland's not human so his goals and assist don't count still 1 all in my eyes",1,0
2022-10-02 10:23:37,"3 hat tricks in 8 games",1,0
2022-10-02 10:24:04,"[deleted]",0,0
2022-10-02 10:24:08,"lush slap cobweb silky smart glorious party puzzled cover zealous *This post was mass deleted and anonymized with [Redact](https://redact.dev)*",0,0
2022-10-02 10:24:25,"Wtf Haaland is like you create 99 custom player on FIFA and only score with him in career mode to have best rating.",1,0
2022-10-02 10:27:25,"Nunez gonna catch his goal tally any game week now",1,0
2022-10-02 10:29:34,"Ronaldo looks like he wants to cry",0,-1
2022-10-02 10:31:43,"I know, jokes and banter and all but it's kinda sad seeing Ronaldo be on the bench, you're just not used to it. I guess the 'end' had to arrive some day.",-1,0
2022-10-02 10:32:05,"Just the 5 goal contributions from Erling today, glad we could keep him relatively quiet",1,0
2022-10-02 10:32:11,"3 goals 2 assists Unreal",1,0
2022-10-02 10:33:16,"Pep after the game: 'we were not good enough'",0,0
2022-10-02 10:35:18,"fodens first hattrick coming in the derby is great",1,0
2022-10-02 10:36:54,"What depresses me most as a Liverpool fan is our team is equally flakey and full of holes atm we have to play City soon.",0,0
2022-10-02 10:36:55,"taking off a starting 5 to field another starting 5 with fresh legs is actually criminal",0,0
2022-10-02 10:39:54,"Haaland on 14 goals, still 30 games to go ahahah",1,0
2022-10-02 10:40:08,"antony must be like 'damn so this is how those teams in eredevisie felt like'",0,0
2022-10-02 10:45:05,"The beast that is Anthony Martial has been awakened. City may have won this game, but at what cost?",1,0
2022-10-02 10:49:44,"If you divide the score by 3 then itâ€™s basically 2-1 which isnâ€™t bad",0,0
2022-10-02 10:50:09,"would be hilarous if martial got a hattrick now",1,0
2022-10-02 09:54:58,"LOOOL BRENTFORD https://twitter.com/BrentfordFC/status/1576570816686620672?t=cU0QH4UsT1wAlHRzZhf7yw&s=19",0,0
2022-10-02 10:50:00,"I donâ€™t know who should be more embarrassed United for conceding 6 or City for conceding 3 goals against United today",0,-1
2022-10-02 10:00:08,"United fans actually leaving the stadium to catch an earlier train to London",1,-1
2022-10-02 09:48:31,"""Best away fans in the league""",0,0
2022-10-02 11:24:00,"Haaland is too OP man!! They need to give opposing teams a 3 goal lead to start every match to make it fair",1,0
2022-10-02 09:24:14,"I guess all the Mctominay ass kissing ends today",0,0
2022-10-02 09:24:15,"Both fullbacks carded against city ðŸ’€",0,0
2022-10-02 09:32:02,"Casemiro and Ronaldo left their teams for a new challenge. No one told me that new challenge would be trying to get a spot on ManUâ€™s starting XI",0,-1
2022-10-02 09:35:44,"Haaland knew it was a goal cuz heâ€™s part robot and his sensors went off",1,0
2022-10-02 09:39:11,"It's fucking absurd how City have KDB's passing to pair with Haaland's finishing/positioning.",1,0
2022-10-02 09:39:56,"He should be forced to play with Henderson not KDB",0,0
2022-10-02 09:40:00,"Every week he does a type of finish Iâ€™ve never seen before",0,0
2022-10-02 09:46:33,"Hate this shit. Now weâ€™re gonna have to watch 45 minutes of â€œgame managementâ€ football in the second half",0,0
2022-10-02 09:47:47,"United fans leaving, shameful",-1,0
2022-10-02 09:47:50,"As a RM fan I just can't understand why are United not playing Casemiro. Is he injured or what? This Mctominay-Erikson duo looks like no match to City's midfielders.",0,0
2022-10-02 09:49:11,"Empty away end before the half time whistle is craaaazy",-1,0
2022-10-02 09:49:57,"Why are United fans leaving early? You paid hundreds of quids for this beautiful porn.",0,0
2022-10-02 09:50:33,"Is there a reason Casemiro is on the bench? Without having followed United closely this season, it seems utterly incomprehensible",0,0
2022-10-02 09:51:19,"That clip of CR7 and Casemiro on the bench sums up the game",0,0
2022-10-02 09:51:43,"Going with Ericksen on DM was one of the dumbest idea ever - 1st, 2nd and 4th goals because he literally did nothing on defending, letting City players freely move.",0,0
2022-10-02 09:53:43,"Get the Norwich scarves out lads",0,0
2022-10-02 09:53:50,"FA needs to come in and ban having kdb and haaland in the same team. They are performance enhancing drugs in human form",1,0
2022-10-02 09:58:07,"I feel like even 4-0 is pretty good scoreline for the United performance in that first half. Every single player in starting 11 deserves to be taken off.",0,-1
2022-10-02 09:59:31,"Imagine thinking playing Christian Eriksen in a defensive midfield role and leaving Casemiro on the bench is a solid gameplan.",0,0
2022-10-02 10:04:30,"De bruyne is a pleasure to watch. Then thereâ€™s Brunoâ€¦ who has a mouth of a captain and plays like a league 1 player",1,0
2022-10-02 10:07:58,"They should introduce rage quitting for irl football",0,0
2022-10-02 10:08:30,"Casemiro is on the bench against city?",0,0
2022-10-02 10:14:14,"Casemiro and Ronaldo is like 2 tourists hanging with the United squad",0,0
2022-10-02 10:16:18,"Match getting boring needs more city goals",1,0
2022-10-02 10:16:51,"""Is that how it is huh ?"" Haaland probably 6-1 incoming",1,0
2022-10-02 10:19:08,"Martial brought on before Ronaldo, lets see what Ronaldos sister has to say about this",0,0
2022-10-02 10:21:04,"lmao subbing Casemiro after taking 4 goals in",0,0
2022-10-02 10:23:59,"Haalands dad must be the happiest dad in the world",1,0
2022-10-02 10:24:08,"Just give them the league, what's the point",1,0
2022-10-02 10:25:12,"Lmao Sancho",0,0
2022-10-02 10:27:39,"When do we unironically start talking about the Ballon dor",0,0
2022-10-02 10:27:44,"NGL Iâ€™ve never seen anything like Haaland someone this strong and this fast with this movement who can you compare him to? Maybe CR7 when he was upfront",1,0
2022-10-02 10:30:06,"Ronaldo ðŸ˜­ðŸ˜­",0,0
2022-10-02 10:30:31,"Ronaldo's aftershave distracted the team before the game This is why this loss is also his fault",0,0
2022-10-02 10:30:59,"2 hattricks in a game. Humiliation",0,0
2022-10-02 10:32:09,"Fucking hell this is too funny",0,0
2022-10-02 10:32:56,"I get why we have VAR but it's hard to celebrate goals sometimes not knowing if it's gonna get looked at and called off    Either way , get in thereeeeee",0,0
2022-10-02 10:32:58,"Letâ€™s laugh at United. More. More. More.",0,0
2022-10-02 10:33:17,"Letâ€™s go for the 7-1, never forget.",0,0
2022-10-02 10:33:27,"> ETH is a wonderful guy and a wonderful coach. Pep probably, post match.",0,0
2022-10-02 10:34:44,"Pep's signalling with his substitutions that the match is over now.",0,0
2022-10-02 10:41:27,"Rather enjoyed this match lads.",0,0
2022-10-02 10:44:55,"That goal will annoy Haaland so much heâ€™ll prob go score another hattrick.",0,0
2022-10-02 10:49:10,"WINNING THE SECOND HALF BOYS",0,0
2022-10-02 10:49:16,"6-3 is not such a revolting scoreline tbh. It almost seems like a close match if you didn't watch it.",0,0
2022-10-02 10:51:25,"Went to shit once Grealish came off. Grealish for Ballon dâ€™Or?",1,0
2022-10-02 10:16:56,"Gary Neville said game on ðŸ˜‚ðŸ˜‚ shameless",0,0
2022-10-02 09:57:16,"The king rests on Sunday, seweyyy",0,0
2022-10-02 08:59:38,"May the baldest fraud win.",0,0
2022-10-02 09:15:03,"People are forgetting that Gundogan did a great job in Fernandinho's position at the end of 2018/19 when Dinho got injured, he is *no stranger to this role",0,0
2022-10-02 09:20:21,"Gundo has the best hair in the biz",0,0
2022-10-02 09:22:05,"I canâ€™t believe Sancho makes de Bruyne money. Man canâ€™t even make a pass properly",0,0
2022-10-02 09:32:35,"Varane is dead",0,0
2022-10-02 09:32:55,"LOL everyone had their turn at the goal",0,0
2022-10-02 09:35:30,"Why the hell is Eriksen on Haaland? Just braindead",0,0
2022-10-02 09:35:32,"Scoring his first goal of the match only in the 34th min. Can't handle the Prem anymore, can he? The fraud.",0,0
2022-10-02 09:38:06,"Haaland and De Bruyne so fucking gooood man",1,0
2022-10-02 09:38:55,"Yea no I don't like this KDB - Haaland combination ðŸ˜­",0,0
2022-10-02 09:38:59,"KDB Haaland duo is not fair, what the fuckâ€¦",0,0
2022-10-02 09:46:16,"Haaland can fucking create now too???",0,0
2022-10-02 09:46:48,"Haaland single handely saving me from filing FPL bankruptcy",0,0
2022-10-02 09:47:18,"Imagine Haaland and Foden both getting hat tricks this game lol.",0,0
2022-10-02 09:47:47,"PEOPLE ARE ALREADY LEAVING LMAOOOO",-1,0
2022-10-02 09:48:09,"Utd fans leaving lol",-1,0
2022-10-02 09:48:38,"LMAO UNITED FANS ARE PLASTICS. LEFT THE STADIUM",-1,0
2022-10-02 09:49:34,"I'm thinking this City side is as good as Brentford.",1,0
2022-10-02 09:49:50,"You know itâ€™s bad when Akanji is better at dribbling than Sancho",0,0
2022-10-02 09:50:50,"[removed]",0,0
2022-10-02 09:51:10,"> You hate to see what could happen after the full 90 minutes. Speak for yourself, Woodgate",0,0
2022-10-02 09:52:52,"Ronaldo watching this game wondering where it all went wrong",0,0
2022-10-02 09:53:14,"GLAZERS OUT again",0,0
2022-10-02 09:55:29,"I'm not native English speaker and I want to thank this match for finally explaining to me what shitfuckery means.",0,0
2022-10-02 09:55:30,"Antony not playing like a 100million player. Heâ€™s been marked out completely",0,0
2022-10-02 09:56:32,"Itâ€™s Sunday, where is the king?",0,0
2022-10-02 10:00:50,"Only challenge for city is keeping haaland fit",0,0
2022-10-02 10:02:27,"A Bruno, Eriksen and McTominay midfield playing against City is quite possibly the worst selection you can put out, even worse when you have Casemiro on the bench",0,0
2022-10-02 10:06:05,"In my whole life as a Dane watching Eriksen. I have never seen him have to do so much defensive work. He is used all wrong in this match. Ten Hag leaving him to die out there",0,0
2022-10-02 10:13:16,"Did Antony pull off his 5 star skillmove yet?",0,0
2022-10-02 10:17:04,"Was that Rashford just casually letting Ake head the ball in his own box?",0,0
2022-10-02 10:17:30,"I want City to score 10 just for the Erik Ten One memes",0,0
2022-10-02 10:23:38,"Jesus heâ€™s in so much space there, heâ€™s the most dangerous man on the planet right now in front of goal and heâ€™s just stood there in space.",0,0
2022-10-02 10:23:40,"Haaland could have a baloon dor next year",0,0
2022-10-02 10:24:02,"9 goals in 3 games",0,0
2022-10-02 10:24:42,"we have to have a talk about this league",0,0
2022-10-02 10:25:56,"Petition to ban Haaland needs to be discussed",0,0
2022-10-02 10:26:08,"That is embarrassing by Sancho lmao",0,0
2022-10-02 10:26:30,"Who remembers Sunderland fans doing the Poznan when city won the league",0,0
2022-10-02 10:27:41,"City players pressing each other in midfield bc United players wonâ€™t do it lol.",0,0
2022-10-02 10:29:01,"Fred coming on, be very scared city. 5-6 incoming",0,0
2022-10-02 10:30:07,"keep showing ronaldo the hostage",0,0
2022-10-02 10:32:49,"[removed]",0,0
2022-10-02 10:32:56,"Mass substitution time lol",0,0
2022-10-02 10:33:33,"Haaland and Foden captain and vice-captain in my FPL. We cooking today.",0,0
2022-10-02 10:33:53,"Quadruple substitution, the disrespect ðŸ’€ðŸ’€ðŸ’€ðŸ’€",0,0
2022-10-02 10:34:16,"At least there's no headache ever on who to captain on fantasy",0,0
2022-10-02 10:34:40,"Grealish looks so sad to go off :(",0,0
2022-10-02 10:35:20,"conceding 2 hattricks both to life long city fans is unreal",0,0
2022-10-02 10:35:23,"You know what? As vomit-inducing as this sounds, Foden doing the finger guns to Haaland there was really sweet. Someone give me a hug or something.",0,0
2022-10-02 10:36:27,"1 goal away from United's biggest PL defeat of all time",0,0
2022-10-02 10:36:48,"haaland vs martinez should be illegal",0,0
2022-10-02 10:37:39,"I'm at a point in life where I don't even remember why I hate United, they've been that shit for that long already",0,0
2022-10-02 10:40:17,"Haaland post interview: yes i scored. It could have been better",0,0
2022-10-02 10:44:21,"proud farmers of the agricultural revolution",0,0
2022-10-02 10:44:40,"â€œSit down and nobody talkâ€ - Pep after conceding 2 after battering United",0,0
2022-10-02 10:44:56,"If city scores 2 more, we'll have another 3 months of "8:2 be" jokes",0,0
2022-10-02 10:45:50,"Score 2 more you cowards Proceeds to concede 1ðŸ¤¦",0,0
2022-10-02 10:48:36,"How was that a penalty!!!",0,0
2022-10-02 10:49:11,"should have let the king play.",0,0
2022-10-02 10:49:32,"Utd won the second half",0,0
2022-10-02 10:49:47,"Lol 5 goals = 2 minutes added time United robbed",0,0
2022-10-02 10:49:48,"We must have conceded 3 goals from an xG of 1",0,0
2022-10-02 10:50:23,"5 goals and subs, how is it only +2?",0,0
2022-10-02 10:50:52,"Although City has a comfortable lead, Guardiola must be fuming",0,0
2022-10-02 10:52:30,"Haaland letting Foden have the match ball cos he scores hat tricks

 for fun",0,0
2022-10-02 10:53:44,"Haaland doesnâ€™t need that match ball, he has a few at home lol",0,0
2022-10-02 09:29:13,"Why did United even buy Casemiro? This is exactly the kind of a game he should play in.",0,0
2022-10-02 09:49:20,"Lmao theyâ€™re playing Gangsters Paradise",0,0
2022-10-02 09:50:11,"Pretty awful to imply the ManU fans were leaving the stadium. It was 1 minute before half. They were probably just headed to the loo to puke.",0,0
2022-10-02 10:37:51,"[deleted]",0,0
2022-10-02 10:53:55,"Lol can you believe Sancho played today? Dead serious dunt think he touched the ball.  How's much is he making?",0,0
2022-10-02 09:52:17,"Dont let the score fool you. It hasnt been this close.",0,0
2022-10-02 09:04:45,"fuckin hate Grealish hair for no apparent reason",0,0
2022-10-02 09:31:16,"Casemiro and Ronaldo facepalming at that Antony cross ðŸ¤­ðŸ¤­ðŸ¤­",0,0
2022-10-02 10:34:44,"Henry at the end of the season  â€œYes Haaland did break all the premier league single season scoring record, and was the best player in the world, but for me Mbappe is betterâ€",0,0
2022-10-02 09:09:34,"Shhhâ€™ing your home crowd. Weird move hahaha",0,0
2022-10-02 09:52:13,"To all asking why did United buy casemiro, let me ans your question. As Varane is mostly injured Ronaldo didn't have any madrid buddy to accompany him on the bench hence they signed casemiro so that Ronaldo doesn't feel lonely.",0,0
2022-10-02 09:57:07,"My fiancÃ© and I just moved in together and we are getting married in 2 months.  I woke her up for this game at 550am on a Sunday and told her welcome to the United family. Feeling slightly apologetic here.  She asked if games typically go to four goals before half time and I wasnâ€™t sure what to say.  All things asideâ€¦with how many long balls we played youâ€™d think we had prime xabi Alonso and Pirlo playing. Wtf.",0,0
2022-10-02 10:07:48,"Is Eriksen actually doing a shift as a DM when Man Utd have Casemiro on the fucking bench? Didn't Eriksen do the same shift when they lost 4-0 to Brentford as well? Also why is Ronaldo not pressing? Fucking Ronaldo.",0,0
2022-10-02 10:34:24,"We get our cheeks clapped by City every year but we still cheer for them to win the league..... if that aims Stockholm syndrome, I don't know what is",0,0
```2022-10-02 09:50:05,"It's crazy that the Manchester derby reads 4-0 at halftime and all you are thinking of is the chances City didn't capitalise earlier in the first half!",1,0
time,comment,manchester_city_sentiment,manchester_united_sentiment
2022-10-02 09:05:46,"City are xG stat padding",1,-1
2022-10-02 09:16:43,"I know Pep probably won't do it, but would love to see Alvarez and Haaland run a two striker system. I feel like they would compliment each other very well",1,0
2022-10-02 09:19:38,"Gundogan still so underrated",1,0
2022-10-02 09:20:46,"Bernardo ðŸš€",1,0
2022-10-02 09:22:09,"Bernardo is an insane player",1,0
2022-10-02 09:22:25,"Silva's touches are ridiculous",1,0
2022-10-02 09:22:53,"Foden with Southgate: I sleep\n\nFoden with Pep: Real shit",1,0
2022-10-02 09:23:34,"Every time Ederson gets the ball passed to him he looks upset his daydream got interrupted",1,0
2022-10-02 09:25:56,"Mctominay has all the space in the world and he passes between two team mates",-1,0
2022-10-02 09:26:35,"City absolutely teaching them a lesson",1,-1
2022-10-02 09:27:04,"What a touch from Malacia that was",1,0
2022-10-02 09:34:49,"The most impressive thing about all that is the way everyone somehow avoided stepping on Varane...",1,0
2022-10-02 09:35:28,"They've left Haaland with... Eriksen? I mean they are asking for it then",1,-1
2022-10-02 09:35:29,"Eriksen marking Haaland. Ten Hag MASTERCLASS ðŸ¤£ðŸ¤£ðŸ¤£",1,-1
2022-10-02 09:38:13,"fuck me debruyne is a fucking boss",1,0
2022-10-02 09:39:21,"What a pass by KDB holy shot",1,0
2022-10-02 09:39:27,"Like, how can you defend that???",1,0
2022-10-02 09:39:49,"City are playing like Pepâ€™s Barca right now, amazing football",1,-1
2022-10-02 09:39:59,"Nah Haaland is actually getting 40+ PL goals",1,0
2022-10-02 09:40:14,"Itâ€™s not even bad defending from varane\n\nHe constantly checks his shoulder covers the space and tracks the run\n\nBut the pass could not be better",1,0
2022-10-02 09:41:37,"If Haaland keeps fit he will surely have a 40 goal season easily ðŸ˜‚ðŸ˜‚",1,0
2022-10-02 09:41:43,"Thereâ€™s not many strikers that can get to that. It looked like he played it too deep initially but Haalandâ€™s ability to make up the ground is immense",1,0
2022-10-02 09:41:44,"KDB the best midfielder to ever play in the league",1,0
2022-10-02 09:41:57,"Wonder what the record for most hattricks in a season is",1,0
2022-10-02 09:42:07,"8 goals in the last 3 games at the Ethiad? Da fuck",1,0
2022-10-02 09:42:24,"Haaland going to smash the all time goal record in the PL easily",1,0
2022-10-02 09:43:35,"Casemiro on the bench is just absolutely hilarious",1,0
2022-10-02 09:44:34,"Well done Haaland, look what you've done, Ronaldo is crying",1,-1
2022-10-02 09:44:52,"Nah this is bullshit lmao. Haaland has turned this league into Ligue 1",1,-1
2022-10-02 09:44:58,"KDB is on some real shit right now what the hell was that ball control",1,0
2022-10-02 09:45:28,"Front 3 are invisible for united, eriksen has no value for his creativity when sitting back. Should have started casemiro and fred, and played 2 up front",-1,-1
2022-10-02 09:45:34,"What a massacre...and it's only the first half lol",1,-1
2022-10-02 09:45:35,"The skill gap between City and United is as wide as the Pacific Ocean if not wider",1,-1
2022-10-02 09:45:41,"City need to up the ante \n\nUnited are there for the taking\n\nGet 7/8 goals in and statpad",1,-1
2022-10-02 09:45:51,"haaland defy laws of physics.  its like when you create a be a pro player in fifa and cheat the stats so you can be big in stature **AND** quick agile at the same times.",1,0
2022-10-02 09:46:30,"Haaland: I'm KDB now",1,0
2022-10-02 09:46:51,"Ten hag is so over rated. The squad selection was pathetic, who the heck plays mcrominay vs a rampant City",-1,-1
2022-10-02 09:46:53,"Oh now Haaland can do perfectly weighted pass too after spending time under Pep",1,0
2022-10-02 09:47:32,"Why buy Casemiro if youâ€™re gonna start a McTominay Eriksen double pivot",-1,-1
2022-10-02 09:47:36,"SAF aged by 10 years everytime United conceded.",0,-1
2022-10-02 09:47:39,"Alex Ferguson is straight up not having a good time.",0,-1
2022-10-02 09:47:40,"Lmao the stadium footage outside im dying",0,-1
2022-10-02 09:47:41,"United fans flowing out the gates",0,-1
2022-10-02 09:47:53,"Beating the traffic 45 minutes earlier",0,-1
2022-10-02 09:49:18,"I have crippling depression",0,0
2022-10-02 09:52:49,"Guys, hear me out.\n\nCasemiro should play",0,0
2022-10-02 09:53:30,"Imagine not playing Casemiro in a match like this",0,0
2022-10-02 09:54:13,"https://imgur.com/a/RMOHLc4",0,0
2022-10-02 09:56:27,"Watch when the king comes on the pitch. He will show the boy",1,0
2022-10-02 09:57:12,"Fuck this I'm watching the race at least Perez is winning",-1,0
2022-10-02 10:00:56,"City are playing really good and will probably win the league \n\nBut \n\nUnited are making them look even better",1,1
2022-10-02 10:04:20,"Shaw coming on and Casemiro stays on the bench\n\nTen Hag is taking the piss, what the fuck\n\nThe club must feel frustrated about this too surely, paying 75m for a supposed key player and then the coach doesn't play him",-1,-1
2022-10-02 10:05:45,"Foden is Youngest to 50 goals under Pep and people thought he was wasting his career on the bench LOL",1,0
2022-10-02 10:05:47,"Why the disrespect to Casemiro from Ten Hag?",0,0
2022-10-02 10:06:01,"Genuine question, did ten Hag really want Casemiro?",0,0
2022-10-02 10:06:01,"If this game ends 10-0 the Ten Haag memes will live forever",1,0
2022-10-02 10:06:42,"why was casemiro even signed?\nquestions need to be asked, spending so much and having worse player playing i don't get it",0,-1
2022-10-02 10:09:58,"if you take away Haaland's involvement in the game since he's an alien, we're only losing 1 nil so that's more respectable ðŸ‘",0,0
2022-10-02 10:10:32,"Can city finally pump someone 8-0 after being 4/5-0 up at half time please",1,0
2022-10-02 10:11:53,"It's really bizarre seeing Eriksen play this deep. Flashbacks to when Pogba was limited to his deeper, limited role.",0,0
2022-10-02 10:16:06,"Imagine we get another 6-1 City scenario where the best goal of the night is United's.",1,1
2022-10-02 10:16:14,"4-0 is the most dangerous lead?\n\ncasemiro poker incoming",1,0
2022-10-02 10:16:55,"Sorry everybody, my fault, turned the stream on right before that Antony strike I'll leave",0,0
2022-10-02 10:18:29,"Why sub off McTominay without letting him get his customary orange card?",0,0
2022-10-02 10:23:32,"People actually said he'd make their play worse omg",0,0
2022-10-02 10:23:44,"Haaland's dad left hanging :(",0,0
2022-10-02 10:23:47,"Haaland will easily score 40+ this season",1,0
2022-10-02 10:23:47,"Golden boot will be wrapped up before December",1,0
2022-10-02 10:23:52,"People asking for Ronaldo to come in...\n\nEverything okay at home?",0,0
2022-10-02 10:23:53,"ANOTHER HAT TRICK STOP",1,0
2022-10-02 10:23:55,"He's so shit isn't he? \n\nCan't beleive he's only scored 3 goals.",-1,0
2022-10-02 10:23:57,"Mans is a cheat code",1,0
2022-10-02 10:24:16,"Man City still scoring at training match gear against United lol",1,0
2022-10-02 10:24:24,"I was debating playing my Triple Cap on Haaland.\n\nIâ€™m a fucking bigger fraud than Pep.",0,0
2022-10-02 10:24:36,"Missing: Premier League match balls\nLast seen: at Erling Haalandâ€™s home",0,0
2022-10-02 10:24:42,"This guy is fucking phenomenal",1,0
2022-10-02 10:24:48,"Pep jokingly said he wanted 5 goals from Haaland before the match, he got 3 now xD",1,0
2022-10-02 10:24:54,"the premier league record for hat tricks is only 12 which seems low",0,0
2022-10-02 10:25:05,"so is haaland on pace for 69 goals now?",1,0
2022-10-02 10:25:18,"I remember when people were asking Haaland to do more in the build up play for City lmao \n\nJust give him ball in box and he score",1,0
2022-10-02 10:26:06,"I'd be in tears if my son scored a hat trick against my rivals",1,0
2022-10-02 10:26:57,"Sancho dropping a solid 2/10 performance today",-1,0
2022-10-02 10:27:01,"Scamcho ðŸ’€",-1,0
2022-10-02 10:28:34,"Haaland bout to score 50 goals this season. Fucking bully",1,0
2022-10-02 10:29:32,"How did Sancho become such a dead baller man",-1,0
2022-10-02 10:29:43,"> Congratulations. You appear to have mastered Beginner difficulty level. For a more challenging experience, we suggest you increase to Amateur.\n\n> Would you like to change difficulty now?",0,0
2022-10-02 10:31:40,"reply concerned plants gaze sleep yoke aspiring crown person retire\n\n *This post was mass deleted and anonymized with [Redact](https://redact.dev)*",0,0
2022-10-02 10:31:42,"3 goals 2 assists for Haaland",1,0
2022-10-02 10:31:54,"Haaland shouldnt ever risk leaving city honestly, this team is simply perfect for him he could very well be the best player of this upcoming generation",1,0
2022-10-02 10:32:03,"Double hat trick omg ðŸ˜†ðŸ˜†ðŸ˜†",1,0
2022-10-02 10:32:22,"If Pep Guardiola turns Haaland into a goals *and* assists machine, City are going to win everything and Norway might even win the 2026 World Cup!",1,0
2022-10-02 10:32:25,"Two hattricks....lol\n\nAt least Fred's hair looks great.",1,0
2022-10-02 10:32:35,"Haha VAR ready to go back and review the 1st half to stop the embarrassment",0,0
2022-10-02 10:33:49,"Someone needs to check on Fergie",0,0
2022-10-02 10:34:24,"Alvarez hattrick still possible if they really tried",0,0
2022-10-02 10:35:07,"\u201cAh good they\u2019re clearing the bench, relief\u201d \n\n*brings on Mahrez, Laporte and Alvarez*",0,0
2022-10-02 10:35:23,"I was convinced Haaland was going to destroy the PL but I have to confess I was in the Guardiola is ruining Foden, he should leave camp. Turns out Guardiola knows more than me about developing players.",1,0
2022-10-02 10:36:29,"Pep pulling out the ol' 4-4-2 big man little man up top. Classic.",0,0
2022-10-02 10:39:11,"United players are running 61 km's in the rain on monday",0,0
2022-10-02 10:39:59,"Cr7 not being subbed in against City is a crime, 5 subs cmon",-1,0
2022-10-02 10:40:07,"Still enough time for the suiiiiii king to come and bag a hattrick",0,0
2022-10-02 10:40:52,"Don\u2019t u just love the \u201cThis City is Ours\u201d chant. That\u2019s one of the most catchy chants Lmao.",1,0
2022-10-02 10:42:06,"4 teams have more goals than haaland if you don\u2019t include city. He is a monster",1,0
2022-10-02 10:42:14,"City take ThE heat off and United score again \n\nFucking hell Pep, finish them",-1,0
2022-10-02 10:43:00,"Kudos to those United fans\n\nSeems like they are having fun lol",1,0
2022-10-02 10:44:50,"Man City confirmed washed. Only 6?",0,-1
2022-10-02 10:48:55,"Soft",-1,0
2022-10-02 10:49:18,"Damn that was a nice pen",1,0
2022-10-02 10:49:36,"Pretty poor from city to concede any, let alone 3.\n\nFlattering score line for manutd",-1,1
2022-10-02 10:49:42,"10/10 pen tbf",1,0
2022-10-02 10:49:47,"Score line is straight out of fifa",0,0
2022-10-02 10:50:08,"Sure this was a thrashing but it seems a bit weak for city to just give up like this. Not ruthless enough",-1,0
2022-10-02 10:51:24,"Unironically the only Utd players who played well was Casemiro and Martial. Everyone else was either dead, shit, or just went missing",-1,1
2022-10-02 10:52:02,"how can there be only 2 minutes added when there have been that many goals and subs this half?",0,0
